compound_roll3,pos_roll3,neu_roll3,neg_roll3,VolumeChange,Volatility,MA_3,MA_7,MA_14,Volatility_5,RSI_14,Bollinger_upper,Bollinger_lower,Return_lag1,Return_lag2,date,actual,predicted
0.9132612739785443,0.6891911590987517,0.47979167495968084,-0.5185791856235755,-0.06277054260484538,-0.3518388183094044,0.3845662414880403,0.377674111252833,0.421693204792569,-0.3849034353739113,-0.07674515784662439,0.17021539094555696,0.8251046586430636,0.1046935453269131,0.0003499513349638352,2024-06-05,up,neutral
0.8915903554589705,0.9320451730358387,0.3835806709887045,-0.3784949546532082,-0.056216997451419254,-0.23352748444690236,0.3915645750848827,0.37866476770175767,0.42213833108446863,-0.3539170287180211,0.12471618161495515,0.16921860399186656,0.83425979771524,0.03351350056413994,0.10473709484015596,2024-06-06,down,neutral
1.7929672332658018,1.1209462683584939,0.3166789204729292,-0.32930974477810865,0.3436182544319322,0.2421766384089544,0.34254668294250795,0.3612147451246283,0.40950215996410827,-0.17196833857093918,-0.7307926464382088,0.1750631537207269,0.8154971624489696,-0.2040469298153259,0.03355713397743342,2024-06-07,down,up
1.2960941574753022,0.7659627536241319,0.467499295022776,-0.60958783585935,-0.3713265062780093,-0.3080246801512726,0.2785069080697668,0.3384361276396847,0.38675623317359126,-0.18394886642656091,-1.6331373863180376,0.17965801706037404,0.8018568965705635,-0.6424821413590971,-0.20400301638911303,2024-06-08,down,neutral
2.3123179213560494,0.9015800695543252,0.42989062315034204,-0.6527240027908796,-0.2539983221760652,-0.3342902746365088,0.228601584736398,0.3216400698559008,0.37090313111030904,-0.2123224556605974,-1.317479505211875,0.1839291497071004,0.7638554235969833,-0.1745483455629507,-0.6424377111484881,2024-06-09,neutral,neutral
0.8382426819169215,0.5948629399729299,0.3894014266013494,0.39034286320266665,-0.022506783188785576,-0.31647221994007496,0.21531711815858726,0.2998263294773207,0.3510521044545711,-0.2468080979402363,-1.709602141451072,0.1811728691946925,0.7286354742546529,-0.015435388687097913,-0.17450446690677374,2024-06-10,down,neutral
2.0481794008697722,1.7625249531278768,0.01623626019619911,0.39034286320266665,0.2962496135167165,-0.06337561937488474,0.18565731544505065,0.2622201014382731,0.3291564755408491,-0.2343416921421426,-1.777820368835518,0.18916414100323248,0.6690758255346089,-0.16443288079050755,-0.015391697577657987,2024-06-11,down,down
1.1591748849283259,2.3466247324090768,-0.1674260807583785,0.367638656776044,-0.10717993911327674,0.1037046211231099,0.18350226827373228,0.23477331067605572,0.31489064072351164,-0.16749281002426525,-0.958010948406046,0.18992521287115435,0.6464838612919575,-0.41859668481246937,-0.16438901405744766,2024-06-12,up,down
2.532786056412272,3.0155124808556826,-0.2361508151087702,-0.7246134190926017,-0.331537558535218,-0.2543015772486635,0.16978155867884956,0.20400820966036112,0.2998217879684674,-0.1439711962945266,-0.9953630888451326,0.18982766250212496,0.610858340195663,0.41120665171944754,-0.41855251849606284,2024-06-13,down,neutral
2.1921505138387336,2.0379842032222495,0.0762474356451619,-0.7246134190926017,-0.05684055563426554,-0.05934325380612153,0.15809655723329494,0.18253111293113566,0.2801207645727147,-0.12338735387835331,-1.1851643283678142,0.1771359825559981,0.5738802027721978,-0.33344998705609674,0.411249839945124,2024-06-14,down,down
1.477881297241619,1.772721587865962,0.08413779459783612,-0.14550447416453252,-0.370114008652464,-0.37153830027845286,0.12219162349327216,0.16723957022339742,0.26085344836743746,-0.10738025234833666,-1.14531558173472,0.17076427577407266,0.5394436224379666,-0.39734680862672994,-0.33340592110226064,2024-06-15,up,neutral
1.5242802158357527,2.6764395377267074,-0.20468156632426607,-0.14550447416453252,-0.22025288873073678,-0.38655309700392293,0.10681927961266569,0.1513939396724007,0.24433348292896206,-0.14714251698636416,-1.020715719149411,0.1554054863758389,0.5183632483866953,0.03962218001770431,-0.39730266735759184,2024-06-16,neutral,neutral
0.9947674549224036,2.372098000674319,-0.11822870019454755,-0.06404111488515814,0.7667896575019184,-0.04094955560717383,0.08414658773878261,0.1258607970345888,0.22037121532110346,-0.24110211473811413,-1.336951202058432,0.15095302196673838,0.47012605123011086,-0.032743918255910026,0.039665806230686,2024-06-17,down,down
1.2864481137183437,2.44754878192364,-0.055599614825174476,-0.7173939174254423,0.1682280826425129,0.04287867249819404,0.030941634896322012,0.10039691537718427,0.18845141933199527,-0.22160920913386334,-1.7098276555230636,0.15114236078427673,0.404571115688868,-0.5212798621182603,-0.032700206744874234,2024-06-18,down,down
-0.5700362484456158,0.9459807105529143,0.18967852538861177,1.0497614547738547,-0.4284738910593513,-0.294353719176935,-0.023478820331199423,0.06197077702822733,0.15511311583841605,-0.21579052704456955,-1.8422028065214706,0.15035121763571327,0.3475100373287661,-0.4607445366158474,-0.5212355747690024,2024-06-19,neutral,neutral
-1.3585431224397182,0.5918366800928969,0.15009682865270668,2.200408306923087,-0.02461020344957501,-0.22204551374974607,-0.04014494810617018,0.03516510939429905,0.12597653752776433,-0.20451058829377858,-1.6259410510773427,0.14296294857668915,0.3070566881421153,-0.0514049992872067,-0.46070032061968985,2024-06-20,up,down
-0.8992103940641848,2.501625494739359,-0.46024779001593713,2.200408306923087,-0.2171103820205557,-0.3345205892585358,-0.03368352899187738,0.01754112426111337,0.10618747164523279,-0.2115959463652579,-1.3421438444726999,0.13022707595389418,0.2746026480598131,0.08062302056342051,-0.051361265780320124,2024-06-21,neutral,neutral
-0.4038235710328939,2.0430255307205245,-0.09151590539006409,0.5269439958520898,-0.37286803962353005,-0.3912377822474981,-0.02828474386459664,-0.003040344340599354,0.0880321329590683,-0.2844859720009587,-1.2786419351505385,0.1181914631003711,0.2451458453072769,-0.07923336103403443,0.08066659844863551,2024-06-22,neutral,neutral
0.14019505042917393,2.222651033737496,-0.0425432289745189,-0.27437345727704565,0.07091465077329982,-0.31877622447571086,-0.03634565589024724,-0.026687214403530692,0.06804496996278735,-0.41857891727225655,-1.3916448302158957,0.10175261112220026,0.22004633232622267,-0.0697031300012463,-0.0791895947258063,2024-06-23,down,neutral
-0.7871623528837932,-0.1140393827780704,0.5013346019127605,1.253931140196126,0.6046326665529035,-0.1401759612995325,-0.054935708708286145,-0.04254735483588464,0.047095820559398746,-0.37209706081253313,-1.426378186932634,0.07702173864601176,0.20085117618462617,-0.1526570682452471,-0.06965937492631914,2024-06-24,down,down
-0.6349911639555625,-0.1140393827780704,0.5137726541418449,1.1602400790678256,-0.21200296170030017,-0.1249314221622733,-0.04612162189138099,-0.036334401261760234,0.03735292174446524,-0.21709831212249545,-0.6079945434256956,0.038207636954553106,0.2171377361611882,-0.2631986081820265,-0.15261321539235928,2024-06-25,up,down
-0.9011033112562916,-0.35470287552914864,0.6478792785027827,0.7294473207683544,-0.300904943401576,-0.2301099587821573,-0.04454821355675716,-0.03578993866651534,0.018180997554010807,-0.1914902655811607,-1.4229752267519655,4.5922369389453065e-05,0.23154233324608176,0.4202081925575389,-0.26315462503362075,2024-06-26,down,down
-0.25859236833892907,-0.11800004281393883,0.7632906995616034,-0.7096576542925647,-0.007484743505276238,-0.1962024965275317,-0.015212787416727025,-0.031775778188810964,0.006646210913995198,-0.16032658381821152,-0.8381199982237482,-0.01869559239281646,0.23391564600529044,-0.27312315289816264,0.4202513701730825,2024-06-27,up,down
0.1642683218593229,0.6493193209969288,0.4950627187799786,-0.5361297359885058,-0.09155544706603361,-0.2680108763091533,-0.02775530196047268,-0.03377319717498122,-0.0032841859019297217,-0.1316158055498447,-0.7454434075079883,-0.035265823885441,0.22915408670420673,0.21975232695101335,-0.27307915805167765,2024-06-28,down,neutral
-0.03480821157804677,0.7210933985171898,0.43662691779490687,-0.2687294474725396,-0.4312806559715904,-0.37871925269866347,-0.03140919835677248,-0.03713981369186831,-0.015404316895748227,-0.15135527495779857,-0.9420637586095725,-0.056080062177905454,0.22971579027842554,-0.312383480768015,0.21979574084425715,2024-06-29,down,neutral
0.2607569589332428,0.5518815952447174,0.47435865526658666,-0.1456097915539364,0.06364357857771963,-0.29619709446851317,-0.04112552262601296,-0.03384084994686768,-0.02570239662955222,-0.24820765624236754,-0.7429170051703631,-0.07686653489768457,0.2375306375727765,-0.12485841983909045,-0.3123394396453088,2024-06-30,up,neutral
-0.14335056240891242,0.3927488354614417,0.4754903312464565,0.2286601176779617,0.023991938418344055,-0.3304887959000099,-0.03869085101443473,-0.026754843172305077,-0.030142987547909457,-0.27575998430866583,-0.3372532303333691,-0.08762769743104186,0.23514723419833253,0.11580569615722006,-0.12481459975252099,2024-07-01,down,neutral
0.9604071270987424,1.151773104706514,0.16819551008667682,0.7161888849195226,-0.16618030841906234,-0.3825593556264282,-0.026323567045809532,-0.02858635264657915,-0.027925537753101654,-0.3257025554695752,0.33803632026297137,-0.11952161110806564,0.263159929042822,-0.10948886118540901,0.11584923257255014,2024-07-02,up,neutral
0.623108734089823,0.7195783968284062,0.3345034695253793,0.5038696065886672,0.25022999958762415,-0.1656358837653515,-0.04807535391084524,-0.035364699529833676,-0.03108050792281703,-0.2578455024379343,-0.20168725645171026,-0.1420562351811011,0.2709463752320271,0.04697994768345106,-0.1094450592149668,2024-07-03,down,up
1.6915968842925404,2.3593470836019566,-0.11682152677187027,-0.0439282209472898,0.4099551303764877,0.07382895222701018,-0.11725670720588299,-0.07084143145753678,-0.04700372205404565,-0.008711516210107852,-1.0505615324681776,-0.13372522079119317,0.2075458745207613,-0.47028541397220774,0.04702356522381837,2024-07-04,down,up
0.6654439949612627,1.8488947082461205,0.028995836803690576,0.08647300468607409,0.11420171999347761,0.0010987417470362598,-0.18967063125789846,-0.09853951080193538,-0.062032620102085406,-0.034917216220674084,-0.9797263169482717,-0.13850850337984835,0.16797768480840308,-0.9653303415212938,-0.47024118673020043,2024-07-05,up,up
0.5519341623340718,2.3801554516951082,-0.17443435205808636,0.33990767723980103,-0.40588462991427704,-0.13249604154911349,-0.20777596652595737,-0.11156139122432504,-0.07032684190362526,0.13476284486606593,-0.4214774588657627,-0.15881928247641047,0.17033113545663536,-0.0007733878180717765,-0.9652855307689131,2024-07-06,up,down
0.3376654264906964,2.4030761950579853,-0.18176068505698464,0.33990767723980103,-0.24885828696957354,-0.10561589326497867,-0.21021811071596064,-0.1438954196677974,-0.08502149434939232,0.16685394668365253,-0.7098733549462484,-0.15637347277659142,0.12679817869948695,0.5491930126203428,-0.0007297139907594384,2024-07-07,down,down
-0.4098387474079048,2.3269388248497482,-0.1667490942131126,0.4101257966300307,0.2410454021520446,-0.028277673713732958,-0.20280970201608606,-0.16944466839393107,-0.09436574504481872,0.20306165338941456,-0.4171862236444424,-0.15444925952579527,0.09992436064364248,-0.7104886607023533,0.5492360382012401,2024-07-08,up,up
-0.5652359004969132,2.1642017034966936,-0.12552876663425322,0.4914060516778026,-0.3666614867442712,-0.36527917855659076,-0.22556067539927332,-0.19763888006705257,-0.10956176893098962,0.0074240189615897055,-0.8331717507729725,-0.15415738692150407,0.07601327145549536,0.20095189566717375,-0.710444150332334,2024-07-09,neutral,neutral
-1.6550903141608109,-0.047510687919777576,0.5179846331029185,0.9684140546036751,-0.12964153758169167,-0.3098288590413412,-0.21142986292225702,-0.2144703544429662,-0.12151070451329668,0.007453927719171722,-0.6737019375786344,-0.15772620818542285,0.05705954123286514,-0.059350164130434674,0.2009953317205207,2024-07-10,neutral,down
-1.049855141822166,0.00833116117829926,0.524668035078345,0.7831041519708353,-0.11486298542975808,-0.2582956047312803,-0.21483766425435455,-0.21160309867340002,-0.13801436736229195,-0.12924351239648763,-1.0217656276353146,-0.1615326459375084,0.037043414745753504,-0.016714104683914523,-0.059306421258567575,2024-07-11,down,down
-1.9547377189619943,-0.5913039870871906,0.6189803164615006,1.516171145495739,-0.19183764852769603,-0.35944206188752054,-0.21419638368576707,-0.20823487394799187,-0.15032771198180428,-0.36656178600884187,-0.790058609570341,-0.1671399623785004,0.022473196092011403,-0.1539908707474623,-0.016670412067249684,2024-07-12,up,neutral
-0.873036817920658,0.2796430159194224,0.371332497458945,1.2849233749326612,-0.07227258818676517,-0.27465423720788656,-0.1980372800796446,-0.21026289690228525,-0.15794447129539277,-0.32602374285900254,-0.4179681604107546,-0.17285059254314675,0.01786955994234249,0.021498166088639317,-0.15394701632241897,2024-07-13,up,down
-0.7468192151583711,0.23735920909871583,0.3433507402600492,1.5980030743502989,-0.04446694254937225,-0.28605924562761464,-0.1652940526075171,-0.19219431412238497,-0.1651642163928164,-0.32084795161189406,-0.3871379589706095,-0.17503221388737633,0.01640760409622524,0.29030559669639566,0.021541813664429803,2024-07-14,up,neutral
0.3601584450756517,0.5717508335558554,0.35617483490225277,0.6969546424263725,0.22476678240344186,-0.07800617692348366,-0.09988587917256597,-0.1637681363724466,-0.16370820199935884,-0.1839025101059509,0.17409233696376783,-0.17642296386425338,0.017626843214910492,0.16439060297151625,0.29034892742836965,2024-07-15,up,up
-0.9228385240572432,-0.2692514282121026,0.5694592715159199,1.1149359064189102,-0.0013664604283116144,-0.18080346062518676,-0.053000644245335474,-0.13571085045317524,-0.1637775001526295,-0.20913371777831644,0.08711777495640192,-0.1734964726015446,0.01554240633219827,0.6186608884940307,0.16443408211972665,2024-07-16,neutral,down
-0.2792767789213392,0.11563035650851179,0.5728196304842621,0.16218357979866116,-0.27605500412206774,-0.2200871241997128,-0.029008056121251853,-0.11338163123739653,-0.16099509031485906,-0.13572767415178125,0.2625084832719829,-0.18042757331884485,0.02096203980372767,-0.07317213757032526,0.6187038321930141,2024-07-17,down,neutral
-0.060005546625805456,0.9144907340226601,0.332915896021259,0.04566117146955871,-0.12530659793739693,-0.24285880295302156,-0.05037951930144762,-0.09271639177391923,-0.14908528945089025,-0.11104189761239103,0.9968614191496413,-0.18396877170231035,0.022589929836151268,-0.24810707024803771,-0.07312837840647246,2024-07-18,down,up
0.2120271552584283,1.29429028166672,0.16495529164020553,0.39652322367964676,-0.09672021012655754,-0.17074286016683218,-0.048332616174032964,-0.06405182711463554,-0.13287348790111528,-0.0854343429788306,1.2011793633285635,-0.17892417711393982,0.01883791651095514,-0.2099937633182277,-0.2480631048880557,2024-07-19,up,up
0.6836854268399275,1.6594120160562167,0.06572629519738425,0.2659573527339777,0.20333385624475275,-0.055042521634295884,-0.0015554975116035391,-0.02849454074221012,-0.1159043205233702,-0.1262677412186226,1.2330072089328912,-0.1604688013557983,-0.0007269050459667776,0.3435416316118217,-0.20994984288247115,2024-07-20,up,up
0.5400145732022753,0.6943149912530712,0.37521957034761266,0.25796371311267585,-0.04500089941144567,0.15696595036117758,0.07552267665384797,0.011324966271502897,-0.08660714591396518,-0.1247597336805504,2.2055339367625013,-0.13016716212769872,-0.03268812096792038,0.5123707834079076,0.34358489959438276,2024-07-21,up,up
0.6996488890542889,0.5736845945768327,0.45784215492359237,-0.07399293174430882,0.005347821143578539,-0.2434347325606544,0.12175915843406629,0.03170668097304262,-0.06190546111893866,-0.14415778078362007,1.912331326225313,-0.1099274232098161,-0.05137146323390051,0.2848612556152502,0.5124138523912347,2024-07-22,down,up
0.12458401287108714,-0.16869204677832803,0.6950955431589828,-0.07399293174430882,-0.3102014804302606,-0.07224602253182993,0.10669994059067513,0.04050176934783111,-0.04325446661707256,-0.045231582672373885,1.2859407723769243,-0.09876262318512952,-0.054082471775342054,-0.18401892105655993,0.28490459276447916,2024-07-23,down,up
-0.29817385362435533,0.09197512094584423,0.5624392336075231,0.29772241287252,-0.2475931405354584,-0.20011898952248566,0.06165657123934319,0.05049529711276535,-0.0268959174660163,-0.05793340570996344,1.1068943944029166,-0.0923073911630952,-0.029968079964244783,-0.4859279609134928,-0.18397503123739808,2024-07-24,down,up
0.36611130260791225,0.20193978643723628,0.588518613607018,-0.16344009273760243,0.07945966971821647,-0.16421508573679564,0.014454432317030759,0.0597172448343129,-0.011770005647791987,-0.19881756032043055,1.006654468849538,-0.0901117073543205,-0.003286162265572087,-0.19465870560516027,-0.48588371523358637,2024-07-25,down,up
0.5315877891333446,0.8804192599441281,0.17056041663267377,1.351512228944173,-0.24013514748169743,-0.11199060145552947,0.029096019141659313,0.07395368273672674,0.009942200912308834,-0.0874290101771778,1.2491469830626427,-0.07592925101244691,0.002027286987501581,-0.2321658489029324,-0.19461480324486466,2024-07-26,up,up
1.5339020721104422,1.3019081505743735,0.09081090645368443,0.9375794430752724,0.23471674130168413,-0.20230769369454538,0.04216053079020576,0.0693821699924978,0.02562410756407988,-0.08549519847408009,0.952156567063618,-0.07229684347514992,0.03812201873156989,0.5228689918351195,-0.2321219023328975,2024-07-27,down,up
1.5599502008278485,1.4527928727016952,0.0719996676803769,0.7160950449769589,-0.323690072798346,-0.35014965367778983,0.0602583934798395,0.05312253376135342,0.0375477631995106,-0.14818648133539802,0.7618138863569051,-0.07015710595553538,0.06942621616616626,-0.21557631618895337,0.5229120484441888,2024-07-28,down,neutral
1.0320898941852301,1.0338527032135456,0.2792658270823614,0.16390889054158167,-0.06654549933135018,-0.2150571100756523,0.03921505705191389,0.03829170679020802,0.0403570686655291,-0.15396328508563964,0.2727612522875106,-0.07171091494384078,0.10573782324639787,-0.14592184635064273,-0.21553238917303144,2024-07-29,down,up
0.27175944243536854,0.30183891479915875,0.47941059024580585,0.4184884017311931,-0.23256416387360437,-0.22849689811260507,0.01685554677344985,0.030566209098988936,0.04089838873894728,-0.15184206118076107,0.12448780401119106,-0.07716400631573546,0.1439017628735462,-0.139903355660953,-0.14587800143657342,2024-07-30,down,neutral
-0.24929335158731672,0.3486778246928206,0.3468170560990372,1.3044541646168377,-0.13453117980274384,-0.2663594775534494,-0.01319944144447167,0.020782084485353677,0.0410043677185479,-0.4448783860190701,0.09761520625500845,-0.08808033086111533,0.18907182490673205,-0.2444461505654839,-0.13985951784088982,2024-07-31,down,neutral
-0.1972898130783439,0.8691207167055941,0.19679811373347741,1.1810869507479649,0.13314676758727081,-0.09563168287380269,-0.048388535506264256,0.011141318459652135,0.04079240368535626,-0.443262253564602,0.07829257175069641,-0.10005790203998234,0.23030621581446284,-0.2808639451916334,-0.2444021895206347,2024-08-01,down,up
0.3131476798890807,3.1700952712909665,-0.5047645904276765,0.9265074395583538,-0.13190514900244993,-0.14009957123234965,-0.10091120582565491,-0.025601517631639207,0.029401910754613826,-0.33059368342180107,-0.5800132551335859,-0.09891738314569253,0.22677648788951718,-0.23522356495515856,-0.2808199412210622,2024-08-02,down,down
0.4966241461555485,3.3253794919186395,-0.5212637474960289,0.6770064510914566,-0.12161393540967666,-0.13499202262062787,-0.15253158313450668,-0.06333180575636882,0.00799296029919752,-0.35722877634088457,-1.2968757182869222,-0.08988347098301841,0.19793127459243076,-0.569276873617645,-0.2351796147809881,2024-08-03,down,down
1.358218147269272,4.131261411200297,-0.6673769346188415,-0.16239250228606927,-0.0946579214845999,-0.11467827295780236,-0.21033369955918738,-0.10576405153886871,-0.02171101372445475,-0.36449497435051453,-1.8806062458128372,-0.0748717470703385,0.13520037139251054,-0.2922393894899555,-0.5692325296942207,2024-08-04,down,down
-0.7669782056983905,-1.103454291245776,-1.8681308608291254,-0.7988572767048164,1.5691180881230684,0.41244380384454443,-0.27373594404210444,-0.16080743648687748,-0.057074367301824046,-0.26976662652228617,-1.991613500295278,-0.05088968269012419,0.041143602235952086,-0.380159184481247,-0.29219537211112706,2024-08-05,down,up
0.305430701128525,1.9328595118030147,-0.13165087664811986,1.0935739118451067,-0.48854262941367327,-0.21401997901372868,-0.31772415198485,-0.20788208820564694,-0.08480873462349481,-0.14684983946265617,-1.70642915671452,-0.03679624549684311,-0.026147607903786733,-0.7612784446578598,-0.38011506347119334,2024-08-06,up,down
-0.280962919856511,1.3789613408124852,0.03413007535293785,1.178188583958835,-0.17320902285934306,-0.2051112377706323,-0.3483645569973314,-0.2505672547819616,-0.11136345410213411,-0.1513229011466339,-1.6756654057433957,-0.025310818215325607,-0.08600852467696896,0.102720510054513,-0.761233874421828,2024-08-07,down,down
-1.2492419790499598,-0.2374453773749046,0.4743781722119631,1.7531996419657851,-0.19183840036986652,0.04610422162706487,-0.30026384746414236,-0.26962649401078576,-0.1258885328917515,0.20446034098017837,-0.7380220388939398,-0.028171433085797573,-0.1089687493056909,-0.1249007731693168,0.10276406189337618,2024-08-08,up,down
-0.4376274870442524,0.411703288491682,0.4032848171392867,0.7268965233735565,-0.28317984946217917,-0.26059960926691567,-0.2719164684223805,-0.2817624195599009,-0.15062608459843255,0.19457499109192478,-1.459319400012234,-0.040135091754395114,-0.1339092010130087,0.9346288232144403,-0.12485695303282539,2024-08-09,down,down
0.29766020645926144,0.9822602275322794,0.19594089701903664,0.9152260504710034,-0.33354410312322164,-0.3782969615407617,-0.2357989967733146,-0.28654172724690824,-0.17214020011877385,0.026416556856976994,-1.2931253117403314,-0.06451972051332404,-0.14205483257656945,-0.3080619591204777,0.9346713944814335,2024-08-10,up,neutral
-0.15506938469382406,0.8042966265732628,0.22959198832021657,1.0896176960593362,0.37433163116039025,-0.08061717225344996,-0.26129412874293917,-0.29164320470658084,-0.19619702760480906,0.09130381023076135,-1.3755615278632065,-0.08713401965266786,-0.15730399300396547,0.039508882602105284,-0.3080179230915571,2024-08-11,down,down
-0.6989260174214816,0.4901974561359879,0.29090556241338067,1.3838967662804846,-0.020277907512702923,-0.17396840929569926,-0.24715212128783554,-0.270277266390201,-0.21324119053855667,0.12537086132846792,-0.8556815324542085,-0.10293840722318404,-0.1625217993228796,-0.40445342073723006,0.039552508948630855,2024-08-12,up,down
-1.0534913256260443,0.03838131157521535,0.515653344290704,0.7786381643610008,-0.26157890887722557,-0.2812209219343164,-0.2426257666364942,-0.2540965643937023,-0.22887662509192497,-0.10281539449879494,-0.801041723321894,-0.11722996740621563,-0.1691512064863244,0.5145838239488184,-0.4044092710915151,2024-08-13,down,down
-1.0291833058904374,0.18482526624039222,0.421014983687973,1.1401505754029004,-0.11926769345866979,-0.29412340455490427,-0.23520988535819443,-0.2427563780204569,-0.24474032626796516,-0.09590098636413864,-0.810096258295562,-0.12886873236583857,-0.18244990435610578,-0.15393171656808355,0.5146268903236305,2024-08-14,down,neutral
-0.5514784314889728,-0.15233625029384132,0.5687809694132856,0.838772648335588,-0.05443096260443849,-0.2300716206960056,-0.26317324609455717,-0.2542528126529159,-0.26020455933583225,-0.09599418306009516,-0.794198227387872,-0.15794254130149832,-0.180131018643155,-0.34259689867480947,-0.15388786221276538,2024-08-15,down,down
-0.34452872942465196,-0.3672867868840676,0.6655757176159058,0.6276503442090958,-0.1820912549689467,-0.31904516328900906,-0.28545819726337895,-0.2599470709727997,-0.26922841920044815,-0.13556029078207282,-0.49545607887054965,-0.18651822106175375,-0.1742071125548466,-0.2315853103127549,-0.34255282193949166,2024-08-16,neutral,neutral
0.09088270962267275,-0.13154930263410117,0.6331364477859273,0.3014540090321625,-0.3628829546939391,-0.35018799176394205,-0.2847124950505501,-0.2638887420514987,-0.2736421084165673,-0.3096177245151708,-0.20112848840027966,-0.2172639711510273,-0.15807211885853947,-0.0406995497394928,-0.2315413644270019,2024-08-17,up,neutral
-0.43309348076802723,0.12402722568428878,0.28588756515054076,2.3018248039965834,0.029850558329471064,-0.3247669795945116,-0.2850667063795537,-0.26452340834259175,-0.2765451719940664,-0.2995344271110492,-0.10782749719806628,-0.25055497417645034,-0.13890130305741627,0.12887792533177408,-0.04065582885113944,2024-08-18,down,neutral
-0.16028847191749987,0.8484605989400288,0.06664870161335132,2.208796736412636,0.024457341235143565,-0.3647799251212693,-0.2810959059881726,-0.27461198843204965,-0.270837698586585,-0.3224933645713661,0.5509725813296943,-0.283076702821463,-0.11426462997042915,-0.2540506072908622,0.1289214463388434,2024-08-19,up,neutral
-0.21947001734116758,0.8704686089264888,0.06138145458925538,2.1978974074928086,0.18498892568406938,-0.3150514219115181,-0.2801787233789869,-0.28011294968895667,-0.2654326795170918,-0.34581157128973233,0.5302242185699091,-0.31264443013929344,-0.08731523749970918,0.051319468954917576,-0.25400663492522213,2024-08-20,up,up
0.21138471010426924,1.0764624079526188,0.2683441470954504,0.14306733225912213,-0.26471918213543655,-0.27768780980087837,-0.25786396523376964,-0.2743107733763815,-0.25675692610020107,-0.3207956558736539,0.7613901422600865,-0.3390614260598304,-0.057083707456599145,0.06284843211398074,0.05136308138028313,2024-08-21,up,neutral
-0.19579050344759755,0.5362984767556556,0.44097349441217837,0.14306733225912213,-0.24448854307098372,-0.3857849047552985,-0.24368092804508154,-0.26619061651349146,-0.25846566100055063,-0.31858676717377044,-0.08145744318913156,-0.3487975453889533,-0.04811426042777378,0.18911542643206458,0.06289203095013607,2024-08-22,down,neutral
0.5885251979557509,1.1374931418110357,0.3515781190634584,-0.6307521182812991,0.5936262969101869,-0.10215974340896403,-0.20667235836356407,-0.24607467627237806,-0.25116684469975437,-0.24454776584349713,0.7513774104173838,-0.33922691210130157,-0.059036002182055985,-0.11787040740388485,0.18915887643707976,2024-08-23,up,up
0.6899001811533728,0.6917053228958595,0.497860573159852,-0.6594781984331165,-0.23623247895238816,-0.34154790322902334,-0.18253437441985873,-0.23016620557350168,-0.24511044485588226,-0.22422957461114335,0.652031335676659,-0.3272210743129681,-0.0681239168500521,0.520502085374553,-0.11782659555409858,2024-08-24,neutral,neutral
0.9640801795089832,0.9448537863714375,0.3890843397782806,-0.44836518706956413,-0.1854451501487427,-0.3054128265059447,-0.16616651086255832,-0.21482151997523452,-0.2376657009424711,-0.16494023455949872,0.8119553676684264,-0.3252059703958114,-0.04807359206467901,-0.07515397483668056,0.5205451447734993,2024-08-25,down,neutral
0.6596197067896048,0.5324702186627415,0.4194193638612365,0.31581961112206686,-0.1326863769563722,-0.2665517401944452,-0.1946332011472089,-0.2087197248139557,-0.23968341364619714,-0.12264659020291396,-0.11996584834976691,-0.3273690643695731,-0.029863929843982884,-0.26122755375650664,-0.0751102133368325,2024-08-26,down,neutral
0.6699933847474345,0.42691027478434235,0.4204908457238181,0.5618464138269648,-0.05161534685587917,-0.1347233699124497,-0.2452468915803822,-0.21507441676593675,-0.24568356226757498,-0.055443051064345016,-0.45909171662211684,-0.331226622365285,-0.01686591448117442,-0.3734451230607676,-0.26118357293138644,2024-08-27,down,down
-0.7669782056983905,-1.103454291245776,-1.8681308608291254,-0.7988572767048164,-0.06854466256750572,-0.3121328635769771,-0.28279607036500876,-0.22559307261919564,-0.24807057357055212,-0.2745189147309781,-0.14761734466740087,-0.3328543800693828,-0.0259804425360656,-0.5248881429483505,-0.3734010099645905,2024-08-28,up,up
0.6576281682566126,0.45346543410653567,0.42052396616723575,0.49650873005841994,-0.2827108570440161,-0.3316789932014193,-0.30094243536665266,-0.2334587244828624,-0.24794176853608313,-0.25218423181739846,0.10458189291837414,-0.3328542113907829,-0.031569350384765785,-0.008528876098048931,-0.5248438513460053,2024-08-29,up,neutral
0.18397604848537866,0.27865256324516857,0.46692566367756083,0.5680103888450453,0.03195727780797661,-0.287518381742327,-0.28980554338173403,-0.2509908977116789,-0.24663412349926853,-0.2124501763737971,0.22210331875718725,-0.33389717712266326,-0.034537100600531466,0.009310861527052659,-0.008485193129328189,2024-08-30,up,up
0.6288573088525115,0.8246124812102217,0.3188623690294752,0.36904015317816385,-0.3838230213207608,-0.4157755879098528,-0.2834485459116834,-0.26919156961830953,-0.24779420702012575,-0.24284348670199116,-0.030422178894312667,-0.3340542747243075,-0.03302862486593363,0.07368079075675278,0.00935452346804161,2024-08-31,down,neutral
-0.27504539338716083,0.5853049588134206,0.29527335538324134,1.1229628384684167,0.12469547044998532,-0.21029517644953213,-0.30235550272480316,-0.29229719350303807,-0.25172201954463497,-0.24373923186688096,-0.28368555165720605,-0.3339779538848792,-0.052722117041524595,-0.10968795308087545,0.07372437682478691,2024-09-01,down,down
0.17987189416588925,0.7587894720455398,0.2698398450588882,0.896948499720798,-0.05402774094827475,-0.2696239369787093,-0.313272412001355,-0.30224723963012523,-0.2536696201804144,-0.18382537931930962,-0.08354712702276441,-0.33640980758443745,-0.059539999783309754,-0.5230483392160948,-0.10964415087576325,2024-09-02,up,up
-0.7729836132525431,0.49882382940535736,0.26887301491197935,1.5310494167389943,-0.19482537979464576,-0.3298356179098406,-0.33047175963831527,-0.30601173173572505,-0.2587909413934074,-0.17530489295519908,-0.35822650121238026,-0.33533666583626,-0.07079465315971976,0.2590492165340892,-0.5230040497823297,2024-09-03,down,neutral
-0.3944639734467932,0.6420181956362663,0.20955354553274108,1.6330291986493395,0.16411125555263417,-0.23490994438930757,-0.32051306270453417,-0.30859227032942427,-0.2654204465009919,-0.17874183026152451,-0.5178224593024091,-0.3348492174160485,-0.07526297195619124,-0.24639508925947645,0.2590925841080164,2024-09-04,up,down
-0.4666479751443912,0.6680189689257316,0.18602106178520703,1.746944806858961,-0.2366623871261062,-0.3732663752064607,-0.32351817817471934,-0.3120007602756372,-0.27112629207912126,-0.17612756487946163,-0.44058754656568827,-0.33453472444463245,-0.07922214773532255,0.05295583200300064,-0.24635112591740957,2024-09-05,neutral,neutral
0.4719733297224131,0.9971160786823752,0.09544318065924705,1.6359413325546959,0.3446624418953736,-0.0993948235241472,-0.3393081530740887,-0.327398612767546,-0.28779218513021193,-0.17530218435093206,-1.5370283919559702,-0.3308457085856448,-0.10249356566121091,-0.03130956960110541,0.052999442499582036,2024-09-06,down,down
1.005506887634262,1.5090691295442489,-0.0005504923363441195,1.1265745168118106,-0.3939959637831509,-0.33747719957410416,-0.34961358875844856,-0.3371779127556184,-0.3019528548826244,-0.1992767922237405,-1.2056066654672843,-0.3296812907681243,-0.11246723969255472,-0.5250964232349687,-0.031265859780739036,2024-09-07,up,neutral
1.5416208442479296,2.1706469212541006,-0.1651775661201676,0.7758698896809548,-0.15163513233718512,-0.37395789128278173,-0.35792431824796356,-0.33600845712351823,-0.31305475432083074,-0.2070811943125706,-0.9828354743563358,-0.3296003613949701,-0.12116407669062342,0.18424008319875695,-0.5250521313871233,2024-09-08,up,neutral
0.8006274903276513,1.8017150077289645,-0.0674584404239782,0.9279490038559385,0.37748917121794995,-0.1462050545044812,-0.3156250797039671,-0.32841504855903,-0.31424744909463825,-0.0601425720092244,-0.014786479860130418,-0.32901877522465245,-0.12097922095079586,0.013979342684480782,0.18428353895034824,2024-09-09,up,up
0.46032129907834174,1.3090975595352692,0.07081987379162749,1.0722673447216122,-0.3041778626010919,-0.3738039667279376,-0.2878444221211503,-0.3187613928620483,-0.3112669421431185,-0.051024952380514,0.39381550355762107,-0.3320111755499409,-0.12064658332413938,0.5864622822310831,0.014022999122722346,2024-09-10,down,neutral
0.06561277133788523,0.3364371004225611,0.3083570504583336,1.6237750729345224,-0.02399677650922825,-0.29627377064082133,-0.2680910916297233,-0.31336030855522806,-0.3098394633552412,-0.16792976708931756,0.23307348606284928,-0.3349053787611902,-0.12126660933460404,-0.1398033165033044,0.5865052638826233,2024-09-11,down,neutral
0.08219221583014123,0.38465704909568865,0.3189264715233427,1.4281015918634112,-0.21039731521882243,-0.3849016982482195,-0.271931385800129,-0.30612772677568983,-0.3079040896615718,-0.17217609669010514,0.28033949058605506,-0.3507748587005508,-0.10668182876729765,-0.15751852531283508,-0.13975947880115755,2024-09-12,up,neutral
0.19052494525197144,1.3067974878575674,0.08777535666567252,0.9480972352691867,0.20610194930685752,-0.23690667202549678,-0.2555187423304806,-0.28256139915592493,-0.30377002265458297,-0.16045629644774603,0.4678840678716775,-0.36284908764082807,-0.09213829771430418,0.05703754104446389,-0.15747466672973878,2024-09-13,up,up
-0.004566681871466885,1.441767285301585,0.06811242247387164,0.7706874484197902,-0.32504475409547073,-0.3716922248332975,-0.24027312671298384,-0.26612135553308397,-0.3003990188782961,-0.2931937270994965,0.3912862139651848,-0.3712004492407458,-0.0827325980428209,0.2791715336225295,0.05708114672992728,2024-09-14,down,neutral
0.37718296666809903,1.870903169591909,-0.06035797153952321,0.7053373923764171,-0.10474479924035117,-0.33839903027245594,-0.23977351956435722,-0.25508239621706336,-0.294220337465343,-0.27075947476963047,0.6920848245806005,-0.3743426670903642,-0.08040159835110262,-0.17649502797671332,0.27921487747824425,2024-09-15,down,neutral
-0.132732567154097,0.9253052968282555,0.05874053554375635,2.086184718072238,0.02804611130199397,-0.3041456669271114,-0.26744233848271076,-0.26174474806035297,-0.29374912945987136,-0.24028773413884588,0.13762509203106238,-0.37417728024040053,-0.0797167244898982,-0.24522340269134657,-0.1764511470259782,2024-09-16,down,up
-0.44434163396244064,0.7647796279480984,0.007041571808835959,2.8611527057701918,-0.16225728058631358,-0.3445045135445918,-0.2835865247110844,-0.26428179301464894,-0.29014741124289456,-0.23969578413630055,0.4558577629425579,-0.37345098059416726,-0.07873636707335838,-0.30441707666248946,-0.24517944073034884,2024-09-17,up,neutral
-0.8783057723038346,0.5637287187611045,0.0479629671119924,3.0356011852939284,-0.0239826677187015,-0.3295669652016587,-0.28115557549916803,-0.2607267160619041,-0.2856146961163986,-0.2945409522143839,0.5359469565182032,-0.3708419084620975,-0.07878025865998425,0.060752854375414285,-0.3043730449297986,2024-09-18,up,neutral
0.043158305296367994,1.2565105317468357,-0.02013985251192825,1.87985913410641,0.005706768536920793,-0.34965011413734043,-0.2612531267884565,-0.25713136188679786,-0.280134675416913,-0.2871239752493617,0.6125131577068099,-0.3674898724109905,-0.08052448375238799,0.13798282003122644,0.060796455681630966,2024-09-19,up,neutral
0.06991718686689938,1.4074018828908161,0.07906562128253218,0.7697473255641359,-0.16333317668581543,-0.34738473379297674,-0.24509402318233406,-0.2597779450438623,-0.26954718827589697,-0.3200482473073846,1.2641578544214807,-0.3632315132039344,-0.08220002148190332,0.05658262775036623,0.13802633030633954,2024-09-20,neutral,neutral
0.022506930046115363,1.4203282732143991,-0.007069193919133361,1.3887468948687174,-0.19999048480933113,-0.2447405163307562,-0.22099331879344936,-0.2523971560477151,-0.25749145979931304,-0.380954363651909,1.3571659629140023,-0.3521128994078874,-0.08045240012486216,-0.02104423081331857,0.05662623397203676,2024-09-21,up,up
0.06375808416998856,1.078607725206575,0.07776160459710688,1.5742794542801015,-0.13343731074104365,-0.2520748210955694,-0.21611650299186738,-0.2469106926706091,-0.24912793984450238,-0.2570832910474358,0.9015830798050469,-0.34749516655070195,-0.07796145446453823,0.2905344084583205,-0.021000533092726037,2024-09-22,down,up
0.4856827621430274,1.2916859531220666,0.0030714691048705145,1.6244393939554007,0.09082007884583274,-0.31604964267704844,-0.2061056091255162,-0.2332783050896093,-0.24560040326885232,-0.26328063614245206,0.4973587236571799,-0.34187680746011995,-0.07076155382704284,-0.3221786478987433,0.29057773892059363,2024-09-23,up,up
0.9853111549613051,1.5773131260876776,0.05550597675610022,0.5418868301132359,-0.05019617375212054,-0.34980375258706775,-0.20712721337894394,-0.21936402495830487,-0.2398423821155984,-0.26284396117214753,0.7438058631000551,-0.33420328787269615,-0.0670229655368756,0.08142981458484318,-0.32213459523045546,2024-09-24,up,neutral
0.6611586218311672,1.7830429807141752,-0.07884311849083979,1.0573524541057397,-0.11833131054048847,-0.3794104826698682,-0.19905513415430803,-0.21144039357698988,-0.23403300537588612,-0.24890397618600693,0.7509260290547106,-0.32952860272948875,-0.059963199304191805,0.06460345605148661,0.08147339151908856,2024-09-25,down,neutral
0.15252305514022446,1.123701372868605,0.15190399581778896,0.9064717593828988,0.43958571736554986,0.016267176922233655,-0.16169610332255074,-0.19026614411506604,-0.22149710368441436,-0.0979386556638909,1.2225131736898895,-0.3131964494680465,-0.05092967311407858,-0.14631985117067495,0.06464705281899197,2024-09-26,up,up
-0.38116556443932975,0.8550510135005311,0.07301557388424679,2.1474166266100885,-0.09972198875203153,-0.06479641740344112,-0.10972526486345852,-0.16087992588588282,-0.20796416866284695,-0.16923246494383284,1.2764192276814534,-0.2837816786963522,-0.06271969035438534,0.6539013926555849,-0.14627600578747663,2024-09-27,up,up
-0.6766413500723794,0.47109564952884786,0.22156349242277945,1.9526306703145766,-0.07339282478130815,-0.04839887463044212,-0.034533625069846474,-0.13088320049808944,-0.18904740064932224,-0.17605333857635314,1.6253114832825115,-0.24815228868206182,-0.0799506962020459,0.318000962016543,0.6539442948165207,2024-09-28,up,up
-0.11635641732745236,1.0874317217266065,-0.004672421462874635,2.173041464061537,-0.3483048509191259,-0.26628308748626656,-0.010306164638749279,-0.10134878705385332,-0.17132332740960524,-0.08114538138554409,1.483041403497188,-0.22610344914722152,-0.08954873495848524,0.26402096354207094,0.31804426010393855,2024-09-29,down,neutral
-0.03763748473594178,1.1215433847172651,0.08953393139872809,1.381305100800293,-0.026521373325290032,-0.06391292479124534,-0.04492853724159678,-0.09124572108615041,-0.15931080929872946,0.1001150483678231,0.9102331104775948,-0.2219021033110423,-0.0791831372171019,-0.3011357751173391,0.2640643252557907,2024-09-30,down,up
0.016647267320140602,1.0155206705575537,0.139705157450781,1.259076849882991,0.10493366781897955,0.1046261657163411,-0.12556743669539752,-0.09564648769136477,-0.15449601807109511,0.01827851358286551,0.38645920306511394,-0.22270831779864955,-0.06871133944482768,-0.7072820676068011,-0.3010917472523244,2024-10-01,down,up
-0.23310147281325533,1.1909573651255807,0.0733043672395097,1.3370340248636727,-0.29430251411456987,-0.21858964999885303,-0.19981947614454773,-0.10167900987068006,-0.15353892730002355,-0.09059651201410497,0.1500123026286471,-0.22313426049007182,-0.0648054174283438,-0.567097829921061,-0.707237561016399,2024-10-02,down,up
0.014463011385933163,0.6955536287760389,0.2761922588715723,1.0015972310639338,-0.16282917507861364,-0.2874417055700236,-0.2346021619447667,-0.12274372112983539,-0.15348348999220504,-0.20698464346629863,0.09462116651175441,-0.22319269284852403,-0.06786599874134422,-0.22385648861504467,-0.5670534885660795,2024-10-03,neutral,neutral
0.08042065573193005,0.6633712412494478,0.18858547451959068,1.7390721689599196,-0.21911545681411668,-0.2732720633705982,-0.22632126721074936,-0.14602009115357883,-0.15039129451037236,-0.06882414868802382,0.27324347289915896,-0.222593388372396,-0.06303996786698715,-0.028542184388230727,-0.22381255183926815,2024-10-04,up,neutral
0.02503673769378462,0.26575405688564196,0.3233678961025045,1.6808950128137605,-0.3519780109914837,-0.39392573985489154,-0.2086931769142446,-0.17692210592156693,-0.15084946165905813,-0.16995778784223017,0.06211178447002507,-0.22258079561915897,-0.05274366868294652,0.2605334115050813,-0.028498477829786425,2024-10-05,neutral,neutral
-0.018784391827657457,0.38733436673172483,0.3040520508508483,1.533571825310696,-0.04352052562269489,-0.3244980407812129,-0.18490195950021943,-0.19817528961813605,-0.14665832951489877,-0.31227689855687873,0.3649582308715644,-0.22415442263771518,-0.031155089176274395,-0.0381133604095447,0.2605767773295852,2024-10-06,up,neutral
-0.0001399998494905923,0.33848725086364434,0.45952356572804226,0.47969490519594626,0.44896934640349034,-0.23195304796861915,-0.18717259551476467,-0.2074745633658081,-0.14625153010065167,-0.3001123885785036,0.11724898772169712,-0.22638898577736047,-0.01501720516666906,0.09029813326367332,-0.038069642569537494,2024-10-07,down,up
0.40845411204206583,0.27189855013887837,0.5382373203741933,0.047077916036081024,-0.270143124532768,-0.31651055802622613,-0.19628119637057667,-0.20747295515728706,-0.1484779451048754,-0.2812684015376474,-0.051734115085289197,-0.22743831351099955,-0.007551417514167557,-0.2556663154457736,0.09034169974481504,2024-10-08,down,neutral
1.1549967741310616,0.16715351349166005,0.5748371707114428,0.017372444253300284,-0.05824518495868247,-0.3010351320566994,-0.20948363126032057,-0.2023505469837295,-0.14893855399758926,-0.35613321367201556,0.06138865282104154,-0.22799627688621885,-0.0018986818498010019,-0.1721298902382923,-0.2556223411756953,2024-10-09,up,neutral
1.5472837881703205,0.04138653038831049,0.6514844569962146,-0.2557194283467318,-0.03701918928153466,-0.28617425988606976,-0.21945721779274832,-0.20093141097796902,-0.1588811838296143,-0.3468103774291123,-0.6535227741251918,-0.22815026748278117,-0.0008008802860001533,0.01210149961155612,-0.17208601443275312,2024-10-10,down,neutral
1.3263021733880211,0.0710561776831439,0.6436386472047131,-0.2684221895518595,-0.18576035992271747,-0.2669740313523502,-0.20570295104270628,-0.1985651121626881,-0.16946377533459425,-0.2574620853342681,-0.7145159131816529,-0.22796308303247265,-8.393775991900795e-05,-0.19852649257217916,0.012145158263214792,2024-10-11,up,neutral
1.3936367868914017,0.35798082336492415,0.5227327758718112,-0.04111922362405589,-0.22702656728401388,-0.38374983903296184,-0.1927391386387396,-0.19545783727214347,-0.18353069912350636,-0.288365897893781,-1.085345403239023,-0.2276365510191658,0.007282510718725984,0.3019975584414221,-0.1984825856529159,2024-10-12,up,neutral
0.9596173297598367,0.575159922249439,0.4618474873614655,-0.10686125738936861,-0.04678463756855269,-0.36051753103559536,-0.17276957561770964,-0.1956897913474046,-0.19440433193904094,-0.30741855312393446,-0.90858863284919,-0.2271772539853044,0.011406326821877434,-0.005323196849175923,0.30204087539205915,2024-10-13,neutral,neutral
1.723295128185564,0.9960281777123535,0.3182713294434981,-0.03741741886510569,0.3662414232425817,-0.17538949342938046,-0.15069343995826961,-0.18280482467730874,-0.19258961198510038,-0.2529325533816622,0.28181623547223,-0.22337173746702874,0.014916728695327282,-0.06003325628599703,-0.005279517658995251,2024-10-14,up,up
0.49550783575049356,0.8441273405746599,0.320373213219065,0.3116375819849965,0.07748269611751736,-0.1656742218515037,-0.12790888164082134,-0.16591857519923245,-0.1840426636026783,-0.3055513147455925,1.198001312581879,-0.21906821135849047,0.020845089092749906,0.3251755333188469,-0.05998951260896795,2024-10-15,up,up
0.8399289080954726,1.2536877456427793,0.09746926625048348,1.003915255809131,0.27882419930206065,0.035275428920081627,-0.07408128800718343,-0.1371911823936253,-0.1669112720968282,-0.23461586895248787,1.9202684271015245,-0.2075958108189471,0.010734849792274419,0.005130457246936429,0.32521882294956206,2024-10-16,up,up
0.14313720105344407,1.0498438513926935,0.09570719060027132,1.5071724599809577,-0.2927255134624327,-0.10396449450927102,-0.025596560168594348,-0.09905015301201506,-0.14688986394425504,-0.25331138554502075,2.026801718008369,-0.1961424716565411,-0.0019416810699658781,0.5031256692676351,0.005174124115375651,2024-10-17,up,up
0.9696190141177911,1.1975763404588284,0.13436692985012047,0.8599008799279003,0.14002522187747612,-0.06583326236024796,0.047801688582027255,-0.05639559040382365,-0.12410479636140939,-0.29413752323826575,2.1114027343775286,-0.17575462726706906,-0.027717358403156204,0.1910899763653878,0.5031687491481953,2024-10-18,up,up
0.9502316212947004,0.8890486494843223,0.24697168389484508,0.75608966053155,-0.19273283892158313,-0.12443216872694814,0.11772502169023256,-0.0030596668459633735,-0.09553888157044207,-0.29057409808146395,2.249717077761719,-0.13293239748996097,-0.07884598429500217,0.40862698709649325,0.19113342404299732,2024-10-19,up,up
1.1339748867750676,0.8736018024374648,0.2810660102136427,0.5357146218155295,-0.24492820248378788,-0.18913655836577561,0.16405100773694348,0.04646827096689336,-0.07059017367125542,-0.2049449585691938,1.958832355971865,-0.09595036077948411,-0.10645219479750304,0.36918093155950743,0.4086701783628252,2024-10-20,down,up
0.6752989136301772,0.838153578866056,0.2663761798812295,0.7314482028782189,0.14036850113583693,-0.057384578150963476,0.1882001588796343,0.0900184497010413,-0.04202833452765802,-0.23517951053382885,2.284463775116079,-0.06123293792165974,-0.11554160699224532,-0.1886841984166764,0.36922416932097807,2024-10-21,up,up
-0.14296861456786716,0.42956506708248005,0.21009979068025,2.138088437890739,-0.22942536529737456,-0.059881131432718934,0.16948704463994302,0.12542590864678071,-0.01556247752446378,-0.15711667755251166,2.0185726001120807,-0.04008975311487087,-0.1015026497895447,0.03553373015835278,-0.18864030309854352,2024-10-22,down,up
-1.0026874274139987,0.5106562757211282,0.02801685794218712,3.31555404702959,-0.18559870922600913,-0.20234603178070082,0.1561167961953009,0.14592199817820842,0.009349537400412753,-0.22554674633375518,1.9011944812846218,-0.02399438194961733,-0.07987898641277748,-0.28556826270901736,0.0355773611903979,2024-10-23,down,up
-0.8108379443136091,0.7801709939672474,-0.0791619531214163,3.474330947998894,-0.141694779518853,-0.2128294956071993,0.14976721574547144,0.16578181321002144,0.03870377714698799,-0.3189026097804047,2.160478688728291,-0.004072442680622192,-0.06668064749701527,-0.11190644595090522,-0.2855242531934584,2024-10-24,up,up
0.010562827583827159,1.3046607388327636,-0.05740481923135272,2.0478488763960163,-0.06110119525701657,0.048292925799125135,0.11809409483878133,0.15579471827917077,0.055236789516239594,-0.15344388230409206,1.1309018099589914,0.0005070596533611395,-0.04159489581381512,0.1458828501026582,-0.11186264113085137,2024-10-25,down,up
0.5739994107266189,1.1280472410959201,0.183059289123409,0.6618824573290493,-0.3138995481379862,-0.21513378624795998,0.1138436700071402,0.14424511675307067,0.07638485602204362,-0.0754241806561229,1.302241226646005,0.010537873554400012,-0.020146129353687474,-0.6684011891040523,0.1459263510659912,2024-10-26,up,up
0.08730528067039012,0.5239220898508846,0.3558027656718012,0.815082399738139,0.0037049709644809406,-0.10730534400171322,0.12251230544621913,0.14783562229950156,0.10326811155224361,-0.037416525709708215,1.479902898101488,0.02547318304935141,0.007266749843746117,0.33039766404219484,-0.6683567283426137,2024-10-27,up,up
-0.21872933847268267,0.13705048711180343,0.5196929181853491,0.5119037729686114,0.9035269512740766,0.3164043230897844,0.2348764949601778,0.17596054898910318,0.13954289771695796,0.1179242487487396,1.7008879357219517,0.06473789008128052,0.016920778340551643,0.3479713030450035,0.3304409475175748,2024-10-28,up,up
-0.19622216976131834,0.26002442824399025,0.4621222547345559,0.6492830190300444,0.026237228260796858,0.2229761237701154,0.3783546676167142,0.23448332907692174,0.18708101175527825,0.15651153444887722,1.8956300800643273,0.12854889808760497,0.0010684579477064347,0.8726971056566604,0.34801456580630263,2024-10-29,up,up
0.33428313341259575,0.500513509789479,0.42757589236474636,0.3303452388440664,-0.3356483915413219,-0.011880703150976082,0.467218514693199,0.28224258556182785,0.22162505695344134,0.03439935558154539,1.4100267430213942,0.1605291858445804,0.03742989549695531,0.6698839612169851,0.8727397499226839,2024-10-30,down,up
0.06521294111893858,0.5334332765291463,0.36938469922467787,0.6894172510709745,-0.13520046545073067,0.14809554720422918,0.4680462763731975,0.3134683783110023,0.24747949396325114,0.15162285738187145,1.0491221224844514,0.17730386175595964,0.08489582944232654,-0.40193251901700117,0.6699268445392377,2024-10-31,down,up
0.029996371691692492,0.6865772734232085,0.30593990972717805,0.7983470584270266,-0.05748775569798933,0.04714049437362586,0.40595270538329153,0.3588484463093477,0.2653918851926259,0.17069608568698955,0.7933636678899291,0.18551588333014457,0.14431715823208024,-0.3744111179640198,-0.40188837234267777,2024-11-01,down,up
-0.3700503607130687,0.6298142660540159,0.28457566807997453,1.0957262282795976,-0.36782029790569626,-0.20472757080399956,0.3730305249363819,0.3942204886629572,0.2774484275838856,-0.02137286168629271,0.6035900165062018,0.18729579410460517,0.21644626885076118,-0.16200587761101368,-0.37436700372922277,2024-11-02,neutral,neutral
-0.1115490577580143,0.8560060185862011,0.25370980206768584,0.7840193000735878,0.2727749036248878,0.1616512078149949,0.3360517622312602,0.40572498834113335,0.2850880129523426,-0.3191890684925351,0.39646590429416845,0.18116508682653348,0.28304115782312644,-0.04779037680984937,-0.16196201373866692,2024-11-03,down,up
0.06382264953194576,0.7446904741629226,0.3015169474838488,0.6917420773386339,-0.021952030806864413,-0.049205404965222486,0.3329235575603207,0.40120825069906674,0.2970361224719934,-0.1759788878058037,0.5423760193566066,0.17676168040537465,0.3557907411454139,-0.4464110951580917,-0.047746647563525,2024-11-04,up,up
0.18275351573655732,0.7134321559481288,0.36092272067622516,0.31989939631764697,0.25001845470188494,0.3097609621910543,0.3734293772822246,0.39209258875857733,0.3220410755196844,-0.07389400692471336,0.9657783447878192,0.19308695265569376,0.3943078480464884,0.30722106302340274,-0.44636689605678814,2024-11-05,up,up
0.12435506401540605,0.36992511474664325,0.47604011042048344,0.27936372191953374,1.051080821573869,1.1922401900541761,0.5419701335118737,0.43802033576920907,0.3694560880002578,0.18173581816935075,1.4225840259364264,0.26598811668690664,0.3595486183777665,0.5394547729356877,0.3072643738170852,2024-11-06,up,up
0.3519701984542679,0.5608752692289163,0.4031406398486836,0.3691175678640983,-0.48630640747297776,0.17774061537318084,0.6717685985280105,0.48922351079401427,0.4111734061974418,0.20935631038917138,1.2625082770473435,0.31884511920641856,0.3459481746120013,1.1818480019901882,0.5394978099950661,2024-11-07,down,down
0.45583341084811335,0.7309225639122471,0.3286284581742579,0.5204195545487063,-0.1421416869458105,0.10293671497960123,0.7908999995105611,0.5584034566943502,0.46915225370150676,0.05071368631683567,1.7447281362272662,0.3834074354724635,0.31243885335776883,-0.19569174935827088,1.1818902818594774,2024-11-08,up,up
0.4921753870037601,1.25500406936667,0.06087601882790611,1.2756792040289828,-0.07969701321664252,0.3577997285589505,0.8733098722720769,0.6541587363634299,0.5355158193858984,0.04980837498903791,1.8422206148763687,0.4729822715664346,0.2608389353474973,0.31475653752207006,-0.1956478457803247,2024-11-09,up,up
-0.06706096772367391,0.7711967782882932,0.22841978065802696,1.1781191109067926,1.3419239479999703,2.5619816154323645,1.1937177565988772,0.8597656034346682,0.6453959284726207,0.49811268382062446,2.179385260954003,0.7070973335130941,0.023617111081829838,0.5993054378882086,0.31479983943367484,2024-11-10,up,up
-0.1012277779253633,1.0114934444913377,0.10553933570429952,1.52579809460123,0.07602804149379169,2.337263209562414,1.7432500072794705,1.1677144442084535,0.7989629806804789,0.6522527166106523,2.3697254519750874,1.0811076879467367,-0.36528193299307876,2.1369415584845353,0.5993484044014974,2024-11-11,up,up
0.10674433788531419,0.7213064728084628,0.32341635890784304,0.5831828587104634,0.5005392141319813,3.449760082337963,2.352702169780344,1.5092746990520582,0.9672132601586901,0.43735717374321714,2.4162438375155797,1.4387173268969378,-0.6695411877076706,1.9505348644888651,2.1369827125832805,2024-11-12,up,up
-0.04469151056108016,0.9385417246685243,0.1782383280498707,1.1540400025738047,-0.27957977173187826,2.3969756370582194,2.8017116842947343,1.8360540053917802,1.1558403794692826,0.4399796579634244,2.6057573320109957,1.7579140105012294,-0.878143409673167,0.6889954997814961,1.9505762383055254,2024-11-13,up,up
0.09243042070077351,1.0815128017107534,0.10797843746629743,1.3394716334519268,-0.37225740293435955,1.7779997974144872,2.8469190614639968,2.10745649955118,1.3191111775517657,0.8648300981493217,2.0443940837900243,1.9364806309107232,-0.8585340011140328,0.3053253883048931,0.6890383605769428,2024-11-14,down,up
0.1251636247966704,1.1212932890966985,0.04523864891670929,1.716650458181904,-0.25700625183662124,0.6598185881042284,2.835614411482383,2.392663759642228,1.498466618200877,0.6056409781771117,2.1333615166441837,2.118956892032691,-0.8288118209249776,-0.8075756626236346,0.3053687013330109,2024-11-15,up,up
0.773008405573399,1.5598788315219916,-0.08401116293444752,1.6340510350002022,-0.31531558530916237,0.6136995870950992,2.702229275496674,2.626211977600554,1.6651271886891148,0.17146536311843147,1.9017719663092636,2.2493773650913007,-0.7341998631746763,0.3310826273976905,-0.8075310378169861,2024-11-16,down,down
0.4701653518984262,1.027305779731629,0.14393137565194508,1.1986524136775085,-0.08449548889549598,0.7397689474059215,2.7205509266316414,2.767102517526107,1.8404896003818068,0.03402973891144645,2.0255765869307383,2.3690545845089503,-0.6410042560039885,-0.37786519840580146,0.3311259100657029,2024-11-17,up,down
0.612317681113584,0.9786297557820307,0.17853440675172005,1.0548591140789487,-0.06627080398339812,0.31014548747304704,2.692781380689606,2.802894950387723,2.0144571323915903,-0.013513087605646715,2.0202300166284477,2.482291143090516,-0.5503888768512192,0.007092571525011581,-0.3778210800996734,2024-11-18,up,neutral
0.11982701508364343,0.5359434986818983,0.3127438053716475,1.1097371153331863,0.2053293219147873,1.448447897700015,2.795716287394806,2.817609770317348,2.194768023834441,-0.17509261651517222,2.044103291555606,2.601854825292334,-0.42894535520131477,0.057969119263280015,0.007136236080703069,2024-11-19,up,up
0.46941493060372363,1.0418809122636292,0.1642201002094506,1.0111489846952588,-0.3296251514451632,0.6311336887197824,2.8364942311994428,2.782129809971047,2.3421946850630575,-0.16746007955857523,1.7504725821276272,2.6777441391905112,-0.23462802365350593,0.3649005286878237,0.05801272385069043,2024-11-20,down,down
0.29451529955575506,1.0186282200526624,0.15422108171185686,1.1431830047154532,-0.10682614680797692,0.47377015032526815,2.8956870528052017,2.8239644502677725,2.5007240657185466,-0.22500211062904937,1.8395079002599273,2.7435159170953556,-0.001464581381900837,-0.3356895054813233,0.3649437714946131,2024-11-21,up,up
0.576644633010972,0.930666865686121,0.2652056292424368,0.5189281739117911,0.29491723839617084,0.962989306864771,2.976102219371871,2.878305480148134,2.672569527800366,-0.16141643516571477,1.8966749293827236,2.817486081947709,0.25556940869925043,0.15866714461761272,-0.33564543688776266,2024-11-22,up,up
0.40863657457179814,0.4727403970337319,0.38756064344741814,0.6983486794329402,0.20567274532106022,2.277127346488223,3.171901663858639,2.9850449200279594,2.844789184117472,-0.1609220702635867,1.8982033184359615,2.8756768336585887,0.5822519102229127,0.46440164624812796,0.1587106305120741,2024-11-23,up,up
0.1746352547840195,0.4108583291463883,0.393410194589226,0.8023713034891623,-0.3518185568356589,1.492493208795535,3.3294845088572536,3.0870453294431406,2.9677163454601616,-0.1651111189147094,1.653076175604398,2.9028316826906564,0.9575907478816977,0.27446604401415237,0.46444477177276583,2024-11-24,neutral,down
0.045599700712645325,0.4083343143011032,0.36565788114534087,1.0174061264443273,-0.2256615705099331,1.6486287840127338,3.2564665837914726,3.1218374566047067,3.0034392063647095,0.007168849398274862,0.6061951223510246,2.862658009147451,1.3862939873761406,-0.05673052533965982,0.2745093934162365,2024-11-25,down,down
-0.1952791633787376,0.36181796134380484,0.34904184747740397,1.2553923501909565,-0.16407025996709762,1.0928226661413005,3.098402826979845,3.1158162278897064,3.0078390347353774,0.006155269421979046,0.16220484391021214,2.81670226955535,1.775417003336403,-0.7297063785080553,-0.05668678555556582,2024-11-26,down,down
-0.0923167911751951,0.5629506790824799,0.2394922443907911,1.5970999056868007,-0.271490450957953,0.5286428236021691,2.992675231597095,3.154521054373482,3.0094711401763816,-0.057310629814800076,0.1179102841631249,2.7356610303504825,2.259454407219981,-0.16990853414722307,-0.7296618454860765,2024-11-27,up,down
0.5839888814309583,1.1157201036528472,0.11259338522977484,1.222382832757356,-0.14827891514263297,0.8621509849233454,3.025030773922365,3.177718526167248,3.042383905996196,-0.11381223529875938,0.7406516547434393,2.607591562963908,2.8206218757379324,0.23072910023495372,-0.1698646609600004,2024-11-28,neutral,down
0.856068051795451,1.312202448503235,0.11628566848157455,0.721755673903416,-0.02838169745755083,0.9407944160344481,3.1675357890792806,3.198522311594652,3.0804147130743393,-0.0170551519006924,0.8168585404298738,2.4446685246831033,3.4601736192877577,-0.044572968723747185,0.23077250118985448,2024-11-29,up,down
0.7146398310897677,1.1650851392732655,0.20014450211861504,0.4436690420362348,-0.2096385111439773,0.25903452432088686,3.2437676451246293,3.1855697041542257,3.127880249004724,-0.2288218294210751,1.0556293066366689,2.341367570980286,3.8839127074152593,0.4164515359558847,-0.044529243269787695,2024-11-30,down,neutral
0.03894277119358794,0.7696303917154216,0.19408380242449363,1.441288226719336,0.17751624122408755,0.7293238216655763,3.3854672885577193,3.2019050702045284,3.1877700102442486,-0.25503349315430524,1.2123407589137507,2.380767762467315,3.9506185258888253,-0.12649687009260713,0.4164947179994064,2024-12-01,up,up
-0.17915420748711103,0.7592103541382841,0.21512348482780844,1.3076894769455782,0.22499320232435302,1.6334995452390513,3.3811087474612767,3.2523721417858584,3.230919708939336,-0.16792560549787863,0.8586470388268853,2.4073307157223627,3.9663548507225106,0.28556792655168767,-0.12645304807479332,2024-12-02,down,down
-0.6593181912569399,0.49047346351180043,0.29046940975240765,1.387080208438852,-0.27493033900308933,0.9209410095105561,3.3285786879007673,3.285013830120638,3.244392329239019,-0.10888614524536466,0.3341527851310277,2.4122393177974515,3.9700734539897007,-0.331546602599305,0.28561126286796223,2024-12-03,down,down
-0.633094169262077,1.0358237683949063,0.1626120276773502,1.0382124468999148,-0.18977809005190194,0.8091963603744828,3.298505032126334,3.334034378145127,3.288790160015733,-0.10952027482702352,0.8532277664056881,2.4314920159194395,4.043748955106561,-0.3684165277309932,-0.33150253888899167,2024-12-04,up,down
-0.766505816290731,0.8555270378967479,0.10380336134788933,1.915327272130599,0.41641437892566074,1.6050824402474182,3.3205625280083635,3.3800523288516073,3.323820100127477,-0.11259524789601809,0.7184057908744903,2.4548000251138578,4.079838205587122,0.41463107029420243,-0.3683724205620308,2024-12-05,neutral,down
0.0867415229825144,1.592318824443297,-0.11053494230990703,1.7565164700608944,-0.4390809364611959,0.3044233850624229,3.424314029194576,3.3959511262962447,3.342395285158664,-0.15455032924724932,0.4605807964075193,2.4657745720955906,4.172039267610664,-0.07954595407827278,0.41467425448351036,2024-12-06,up,down
-0.2904023921582799,0.7038196411767617,0.09409812289065657,2.353135954313518,0.019843746063406487,0.8185657308616374,3.5060788156505365,3.447362096263828,3.361859070648339,-0.16731079483438627,0.4759534154391206,2.4998812982878658,4.243930161014463,0.04020087594959212,-0.07950218740159065,2024-12-07,up,down
-0.41665895650954693,0.7821457892517684,0.06470729835665551,2.3858741989918215,-0.10537984474267618,0.8707513048465061,3.6429537846564113,3.4912956167022196,3.3923611669736613,-0.29494861161094316,0.6534722257611948,2.5539120105199875,4.290444998281152,0.2771480607340496,0.04024450148046384,2024-12-08,up,down
-0.7990146160187863,0.2054642090007512,0.26785352705838494,2.24354951285961,0.15412160975426376,2.687397511647896,3.5646936097028554,3.4752662903331473,3.409790117181464,0.04019768570441824,0.38824030278162686,2.550357523161079,4.3340734232213745,0.18041017168927959,0.2771914069748356,2024-12-09,down,down
-0.5232744855873932,0.5436462758160081,0.2693763117701718,1.417850077863209,-0.13691786709629236,1.6501645962997427,3.343346947430301,3.453742507550589,3.4154168915562213,0.06437818546742666,0.18094958517963877,2.535446468284702,4.389568659792068,-0.9482818797430802,0.18045363195519465,2024-12-10,down,down
-0.12013132802806094,0.9150166443043224,0.20850440582715235,0.9822843379524737,-0.3474345309295012,1.1351387578883325,3.146466340295518,3.4256095158152697,3.425988088255737,0.11990131144236199,0.2554756850284354,2.5251266454840597,4.4517441053505795,-0.4413001652174392,-0.9482370890857531,2024-12-11,up,down
-0.22411681897265137,0.9976808344692099,0.1691646104093666,1.0795707302826179,-0.20255537983347846,0.3463950062443376,3.1160012214163624,3.38688855924006,3.429681098544207,0.06886459222607974,0.1467776999058461,2.5255161973503357,4.440954368375609,0.3478844524980128,-0.44125597214039824,2024-12-12,down,down
-0.01993208813479399,1.1095905421261039,0.08728808655310975,1.4268260450027828,-0.295440883002525,-0.029544833292563074,3.1702911426438045,3.34399562172408,3.4160193584881697,0.035354342181690486,-0.1346153930625172,2.5175261453366136,4.4233675884080155,-0.20660330496929072,0.3479277153616828,2024-12-13,up,neutral
-0.49651459188727953,0.34206573282916986,0.37132227903152487,1.1350730398990285,-0.20838353900987708,0.46159580523642446,3.108712096180274,3.253933016169474,3.396457757461615,-0.17241467325707788,-0.22179114022360968,2.511029533132936,4.385625151149961,-0.004825744779865985,-0.2065593885298737,2024-12-14,down,down
-0.11381367197168414,0.7853972813523887,0.2833228706709467,0.7307745294385196,-0.20323770268233385,0.16633646526881007,3.1076830471275234,3.1556326385019378,3.36894267940522,-0.23212069854030312,-0.3688238986879286,2.506282376526239,4.415122706423293,-0.27001015567545655,-0.004782066176032989,2024-12-15,up,neutral
0.1264309450549252,1.1208268553694696,0.280168243096935,-0.05271142382376507,0.16474722038109682,0.3173267259983756,3.0810357769043932,3.1350383042320575,3.3504074369330565,-0.339629337274875,-0.23528304364002772,2.4970537945422904,4.455421987185564,0.11129212294927589,-0.2699661644982672,2024-12-16,down,down
0.6851023966138242,1.6496994856756062,0.08587622966912735,0.1377744666804711,-0.14963485377555089,0.2192132692248882,3.0674679079284575,3.1347434980073605,3.339365044376048,-0.34002988775088,-0.11241014230302403,2.500846348027143,4.4368061546559305,-0.13916378747187466,0.11133566468476308,2024-12-17,down,down
0.12109015289635049,1.1913514219291519,0.11763698941182654,1.0015438006833568,0.23694978018342452,1.039674634530963,2.8876336689161803,3.043807755241424,3.279104332411961,-0.14251013952423103,-0.9547228324955727,2.5487097207035867,4.275462510704996,-0.204501331601455,-0.13911995052354187,2024-12-18,down,down
-0.0302189225362803,0.5858632278299875,0.20433362838705324,1.8060709245704873,0.280730624254787,1.9842484011234276,2.563750896726065,2.896446600333263,3.1849281360432116,0.01825074648225858,-1.2719484081515529,2.650418400654787,3.905339317975691,-0.7856680056511207,-0.2044574176396379,2024-12-19,down,down
-0.2640377869640229,0.4660973853353541,0.17858363865940763,2.287888359529887,0.0048538447553248066,1.9592874459878165,2.2780622785097244,2.749269021227617,3.0887334069820698,-0.010908909881910848,-1.315061301944424,2.7053195327796176,3.6355340608573683,-1.0079344102207515,-0.7856234066670682,2024-12-20,up,down
-0.14583430797530503,0.44708127198281034,0.20507310524372843,2.134705760228919,-0.3417277539274266,0.8280129219415702,2.139781686945022,2.6251954938028463,2.980359064341871,0.024963586121243574,-1.594633779204059,2.7139554292596113,3.431416746348214,0.012421703726659275,-1.0078895492508764,2024-12-21,up,down
-0.40451045039136224,0.5017261060009587,0.20447594927999335,2.0076097775479225,-0.34390419779039066,0.21963556038279425,2.1290660650412225,2.473649396273297,2.8539117098775852,0.018565334299317778,-1.9158017214918677,2.7313241313621197,3.2208807798200882,0.026645954743201136,0.012465362000892764,2024-12-22,down,down
-0.7073483313322685,0.826256549500443,-0.0012964135844530692,2.7766867322410467,-0.06933172713586985,0.4611735140785227,2.153323332448715,2.3484643807325187,2.780132749800038,0.039625787368555106,-1.3325406301643685,2.7372589129701588,3.0777186824646,-0.271159204280006,0.0266895962512836,2024-12-23,up,down
-0.18035971377406193,1.0630158997622035,-0.004610159482907702,2.2314689965671075,-0.2757387307919705,0.40115438189350827,2.2128777268454956,2.2559822614627665,2.733178327990208,-0.26876713843291344,-0.8525486538513388,2.704338964072921,2.9914097565665276,0.2517543247421032,-0.27111521174843095,2024-12-24,up,down
0.09169771252999756,0.9246150316237464,0.12329891502332656,1.6011900774329957,-0.22054903156225894,0.07190918686824542,2.295377103873504,2.2177735793092688,2.6678183069533197,-0.2535008436299713,-1.3623710461726055,2.6662369898162273,2.9131280084246955,0.25701495540179536,0.25179770091453285,2024-12-25,down,neutral
0.5019829200203795,0.3351371641845322,0.49552523548173805,0.21681403125310922,-0.11405891432994879,0.6062894644733436,2.250773755497109,2.2132471684129644,2.5909479774565964,-0.11049332374272143,-1.4821231792705993,2.623785956348222,2.8004044278676674,-0.11575825460433627,0.2570583253735099,2024-12-26,down,down
0.8348784799940789,0.09344888721714402,0.5127710992457626,0.6687196614304558,-0.19189565336436126,0.057163328956074594,2.1542517100359877,2.202491709855769,2.51101803336104,-0.12634681883000795,-1.5569559864404159,2.5365192507223884,2.743361387221322,-0.5786613466368717,-0.11571444524414842,2024-12-27,neutral,neutral
1.1603084385016817,1.1115151097798206,0.131023656806916,1.0935031272944151,-0.3115907982343812,0.08477361750780586,2.1154758616673153,2.2072726017481856,2.4506440050372875,-0.12040761779177088,-1.141266535077779,2.3911287254016456,2.79732009361879,-0.08537127111871137,-0.5786169916519517,2024-12-28,up,neutral
2.1453330582803227,2.275708864793375,-0.1793853118086813,0.6287351777242153,-0.006760764937723522,0.17939201412888955,2.1231713396067735,2.210700438202874,2.3756813214693393,-0.16164276191095767,-1.4279222937275613,2.336264385801446,2.744782949709761,0.2747581016143188,-0.08532749757571725,2024-12-29,down,down
1.4222266441438627,2.302363632492795,-0.1352280930415217,0.23198333841745392,0.20059567579317733,0.12820437480442917,2.132410446683561,2.193456602360002,2.3035980493613657,-0.1594268390304221,-1.3989837773669798,2.301880438681574,2.6833789871868707,-0.28977567978968133,0.274801450672154,2024-12-30,neutral,down
0.9305575790831165,1.7050075889132204,0.06955729473530407,0.12714098006152075,-0.18332427283113004,0.2253565183729299,2.1016955381196416,2.159237957556395,2.2394747656006393,-0.28374635948770116,-1.2767750246478475,2.227214462096468,2.6714412496048294,-0.07470225138410047,-0.2897316653148321,2024-12-31,up,down
-0.21885607059806378,0.9754538763144964,0.2026976095312011,0.880488333010172,-0.28734587639431597,0.08296886640749568,2.138927868467391,2.143108826246573,2.211974386600333,-0.267513781622532,-0.6095833890072634,2.1543970531873398,2.68203791586912,0.0005886696486461468,-0.07465849041669968,2025-01-01,up,neutral
-0.678786115446221,1.0547518040119992,0.04944823437405078,1.8446424486449344,0.5317568992832143,0.28000030755341027,2.232496995390897,2.185560394534437,2.2311683168569902,-0.2601854751334395,0.7035971204814816,2.0681863248355787,2.736939280740384,0.16274869290737384,0.0006323418704988255,2025-01-02,up,up
-1.5028307765969093,0.7525359141759383,0.04503089427734195,2.6057272760350516,0.1875956005087697,1.5097728136551356,2.469618742964174,2.2954876877526433,2.2813592035619656,-0.07622911865094022,1.2911821020622771,2.0358072741232314,2.7697952953911584,0.2961049529506463,0.16279217399090667,2025-01-03,up,up
-1.9136404771109345,0.3697997416827422,0.07248782270766244,3.319891032556082,-0.15613550111253285,0.282611875093616,2.732250595443028,2.4095773606667175,2.341519621801204,-0.12811540733480964,1.4222245231028259,2.011200427966508,2.7989895723264198,0.8999328520087028,0.29614827684690836,2025-01-04,up,down
-1.656322276533594,0.20917715458847083,0.1756024427430217,2.929310615385488,-0.35165130711863934,0.3223564540173166,2.896127073780139,2.5195046538849226,2.3988886771412363,-0.029800185326431347,1.3344898208130227,1.9722851821237841,2.843360070858551,0.26967625818472285,0.8999754641719016,2025-01-05,down,down
-1.2899988666074425,0.25539435373253705,0.1607317472487651,2.930362151000192,-0.030995293674895195,0.17497569548836933,2.9284826161054087,2.639419066037091,2.4508502777417385,-0.01982885863040581,1.2637809076157855,1.9591037768607311,2.8586748871068743,-0.299539970467512,0.2697196132325364,2025-01-06,up,neutral
-0.5861318646446926,0.8792657063252163,0.06503921802883912,2.1501080202017704,0.3593810720445963,1.4128117883071454,2.7558219412650935,2.6921831394486255,2.4602361231215015,0.22803371623409296,0.27266886976415905,1.950007530675936,2.8610561228372795,0.05769580287054995,-0.2994959444834752,2025-01-07,down,down
-0.5555829554847663,1.1736759700223387,-0.0505470646087719,2.311824232236306,-0.20443464656324392,0.6031400193065395,2.6055095539460535,2.7210844708071775,2.4667001362942966,-0.028506215485542778,0.21381596017997823,1.9548836888381602,2.894477515884194,-0.8636797897672708,0.0577394077801189,2025-01-08,down,down
-0.5478998980889435,0.942679916061466,0.06831197270324653,1.9730823856950541,-0.21501467647160005,0.7138100576098937,2.3555357492959685,2.6925761664086636,2.473756825126969,-0.11653991611216585,0.22557474077857698,1.9544413985969675,2.900365948177732,-0.19545271506084447,-0.8636350988305838,2025-01-09,down,down
-1.280628524293961,0.12429367596947155,0.22408655338278077,2.769019934073216,-0.17206630815325905,0.19386893322776114,2.301637291173248,2.6196092014818784,2.492462455169958,0.002244974996265677,0.426603486166995,1.9557677621736254,2.9183322113648678,-0.5496368917108796,-0.19540881176464844,2025-01-10,up,down
-1.2390313401486708,-0.09651717694877703,0.36098645211268043,2.2694030206137823,-0.4290918109176233,0.19744066955247142,2.2968163947038986,2.5329614707013457,2.506350827945324,0.013339238882055777,0.3477107170237526,1.9567664411049923,2.96170357393928,0.26923543334540145,-0.5495925709371384,2025-01-11,up,down
-1.260892668193764,0.0063455647051727055,0.31815883456706456,2.343584507538836,-0.11825117246113706,-0.07232327091437547,2.3529182911935393,2.4578907289979943,2.523991736112328,-0.15780918766846802,0.4248574085308717,1.9580563833119526,2.977708570917747,0.11157765355071304,0.26927878891281604,2025-01-12,down,neutral
-0.7061605831039223,0.3304849132484146,0.30609076634682403,1.654576236692799,0.8209320805452863,0.8148795524887126,2.3690177252886664,2.377900549438301,2.5441973987551694,-0.1595539123867454,0.470340131093488,1.9585284961551341,2.978965446206215,-0.17074904713888095,0.11162119494964479,2025-01-13,up,up
0.07888715767775883,1.0221080542032777,0.15001259128107455,1.1653039679053103,-0.19853539812352886,0.4776474469187056,2.425559642753244,2.390276458103726,2.5771647575981755,-0.27401685044078045,0.6634704841500663,1.9709987549624808,2.9893022143748325,0.001011096142237068,-0.1707051729609441,2025-01-14,up,down
0.46754411966040865,1.1038430002772504,0.14968548236016252,0.9709108512572328,0.06602637480475776,0.9990087971191545,2.611053707113855,2.4602859995697655,2.627223571461997,-0.16790481560065765,0.8809178950159942,2.0159955368849367,3.018394718780068,0.36420919281449377,0.001054767866174856,2025-01-15,up,up
0.933386811516129,1.5576234781758993,0.014609748929102565,0.8981706240722148,-0.10582241356417686,0.31847801300339484,2.754408762790536,2.5502278214635115,2.658315087788493,-0.10520367019204005,0.5933449897068933,2.038384577088108,3.0787938098581495,0.6058363885052135,0.3642524364361621,2025-01-16,down,down
0.11764433970234538,0.8814525909062572,0.1867446866857191,1.2295058850775802,0.20328896536872895,1.2262632387774903,2.9774408387367877,2.682247531193559,2.6882016945470513,-0.040781570511487376,0.5770819706002807,2.130622535493662,3.0462289169885195,-0.2389355425391518,0.6058793473204587,2025-01-17,up,up
-0.0429106630865179,0.5686245024212891,0.35729201578370895,0.6980052430437534,-0.009924437657400356,1.2932713468468364,3.0161085708406588,2.7710457008008773,2.689290032096619,0.08246201635561652,0.10850078003686213,2.1660161747708595,3.1068790720464934,0.7721644369084945,-0.23889158798966648,2025-01-18,down,down
-0.33897015698014327,0.4917364160980021,0.38437740531279013,0.676881801437815,0.06746979499774454,1.6992396354142014,2.9453016400575285,2.806158413529701,2.6690672650976017,0.26227393119007036,-0.19806887899804765,2.156199243008949,3.195436167017,-0.43365200748704646,0.7722071996725608,2025-01-19,down,down
0.2828866415884437,0.5624800703941674,0.40406858316081745,0.3580171198843046,-0.150391417152254,0.9650629967783825,2.7166321842773207,2.832429291822623,2.6418799152520815,0.15298842525454157,-0.3011460937441385,2.1429724995562487,3.2821827303477042,-0.8230881555187034,-0.4336078234249032,2025-01-20,down,down
0.3153786697128848,0.8201547655223131,0.25132412874074245,0.888523145996171,-0.06496324078031572,1.9844017534680343,2.625270273678601,2.8573277681693416,2.6607444894685117,0.19416320910504958,0.39018091253779724,2.141169996328121,3.3600880029375144,-0.12426264429766344,-0.8230435124274509,2025-01-21,up,down
0.8754992743505647,0.796395120929372,0.3518910995706624,0.18820055858374402,-0.5136042913062415,0.18273257751620642,2.6450273265696906,2.820836220660231,2.6777079533695347,-0.037751102802649816,0.35733184879594587,2.1407291265582074,3.3994311708262925,0.32587070617358266,-0.12421882491333572,2025-01-22,down,neutral
0.7647984260852829,1.364606145806817,0.103862833888449,0.6886451836456163,-0.07800543555871858,0.32638824737583877,2.636619703572563,2.7815402455278777,2.7033398272333944,-0.04932887592046851,0.5127518254259371,2.1275565891241293,3.3823753313633618,-0.23652718432480313,0.32591399498489626,2025-01-23,down,down
0.5215121261083989,1.3597009855331972,-0.0559675443761417,1.9044866900971469,-0.2924603634223254,0.30761059610514363,2.5589300002567157,2.676516260074581,2.717002369056127,-0.24027363472997984,0.3281920982960541,2.092560240841109,3.380413227811818,-0.28855482882676714,-0.23648323261405407,2025-01-24,neutral,down
-0.09373170479533188,1.1094199855590066,0.02401831217767951,1.9044866900971469,-0.2803229037151187,0.03969146145547917,2.5243300176100427,2.6083704642625722,2.7274545398452665,-0.2380051973791744,0.2759744378429493,2.072164785322046,3.3743239429099625,-0.09070048186215975,-0.2885108157909371,2025-01-25,up,neutral
-0.9761758078603319,0.1609402903409006,0.2320989851943451,2.6198650575045974,-0.20132263742742276,0.3121035909179619,2.464574169165898,2.5738489481885507,2.727753744598541,-0.31259338644899276,0.09613480407629538,2.0428991071510882,3.34932889799301,0.014445254037306478,-0.09065670203761506,2025-01-26,down,down
-0.4263892621818129,0.5282264345279106,0.37552252676042874,0.655000332234233,1.372346001674941,0.627331923878163,2.401496384593792,2.5403664308315315,2.7241039325278003,-0.30830394774144276,0.03034747927058136,2.0450523188940566,3.3221719532455545,-0.44622466199459293,0.014488909926377467,2025-01-27,down,up
-0.7061017328982517,0.7085448474773746,0.29855953669665475,0.8006522045497428,-0.4290327414037368,0.3923217446124742,2.2721117726385534,2.4557934810679622,2.6939026687851038,-0.28261891052627786,-0.41915584093758484,2.0558553901305316,3.264894708520126,-0.1134815059302807,-0.4461804631130385,2025-01-28,down,down
-0.18887339658017643,1.1921351127820556,0.18886850030435226,0.4634412077825879,-0.11953794022360326,0.11418751273936732,2.2256478911297473,2.3926621754368202,2.6434835215314467,-0.24672597904726123,-0.8720764475090969,2.053734757852628,3.273623359113641,-0.40534070364950014,-0.11343769925370073,2025-01-29,up,down
-0.09412303138750433,1.534468767753894,-0.03901449907360006,1.356105342950848,-0.2907670822094573,0.10055632037678353,2.2170239244866083,2.3590861899606863,2.6066030067020898,-0.21466665952838707,-0.6183529137313823,2.0546232604254224,3.268021201071895,0.0649461545644006,-0.4052965529579432,2025-01-30,up,down
0.14271293378889943,1.6606788298396984,-0.16047935381790282,1.9670720809286966,0.0763864914278736,0.14475383939642805,2.2530183069349197,2.3236287925399037,2.5355053488227886,-0.2778972849800821,-1.604052200204041,2.057863372396317,3.242533398606294,0.13322156050171208,0.06498975092796659,2025-01-31,down,down
0.3802437796231548,1.6685548237196826,-0.09310111756897306,1.440619397767582,-0.1798468858148037,0.5773733921515063,2.1952012175742865,2.250466874335395,2.4639894845757953,-0.18123547310118315,-1.6082915666334843,2.0750185813575355,3.1660617583915887,-0.12098011041429083,0.1332650763889306,2025-02-01,down,down
-0.3721908977210105,1.1054967696826976,0.04451530889322931,1.7592842644915072,1.389492309171356,1.8216994935244097,1.9565806207760277,2.139614981233187,2.3904159711400426,0.06925082361789964,-1.6287416480052181,2.1437990644528924,2.9222540888392072,-0.5466845335437193,-0.12093629489909186,2025-02-02,down,up
-0.5707813580634846,0.8507041193477212,0.12510440832695516,1.765876876476604,0.4562829716339118,2.616970447388202,1.7935579609165482,2.0609778571112196,2.3336721966388465,0.17788462827539706,-1.1230363060779485,2.1624728609209694,2.774339505411048,-1.1068248794824762,-0.5466402162499281,2025-02-03,up,up
-0.7133467969515866,0.672281478489481,0.15561097348349037,1.9651160984119165,-0.46548327018321045,0.7519032377778887,1.6287121030376812,1.972495424442483,2.2460888306253417,0.15589914834543997,-1.740869233699231,2.1621897637175476,2.583455253156137,0.4652827911856238,-1.1067799019502216,2025-02-04,down,down
-0.04738697617495519,0.9874931174288604,0.14652717799636444,1.2740950835420313,-0.4473876627329675,0.0791671015658784,1.5866700989777711,1.8635539390445264,2.159002754330881,0.1393595753961049,-1.7368993058685445,2.164292292016868,2.3896360155605567,-0.6358514817531329,0.46532591567165454,2025-02-05,down,down
-0.017298997210948512,1.24606128051923,0.05875806699752383,1.3119639025406493,-0.0844860379368162,0.35169424528681464,1.4490158150457033,1.7291711469162392,2.0739987811094003,0.13611651248846446,-1.7199686173986697,2.0863054310943334,2.2753647268761696,-0.29228323780383814,-0.6358070593580947,2025-02-06,down,down
0.29504564723454535,1.5462784574705422,-0.010103485555569464,1.1083941910687782,-0.06214013247642363,0.34862204850255063,1.3836523659648965,1.5968985403954887,1.9891105902875725,-0.05503231044884688,-1.7190122033112862,2.025284427739297,2.157404587146721,-0.30701022485473095,-0.29223922037332556,2025-02-07,down,down
-0.09622369180582677,1.1217934011015922,0.06725243697551159,1.5481742399557945,-0.41089442415309735,-0.13963865588317298,1.3725900608687225,1.5081567781019665,1.9071711030050003,-0.18300783636550835,-1.6197449344669477,2.0029042584920465,2.0359234830545785,-0.10143902993617286,-0.30696619006549153,2025-02-08,up,neutral
-0.11694187814518348,0.7367678764139446,0.20794443356873768,1.4157234745571774,0.04142543230943335,0.26632963268418997,1.377086608543668,1.4788092048835109,1.8362161231536,-0.29972182044793183,-1.5149956507023772,1.9762807367032802,1.9213044202700382,0.16001276276199258,-0.10139523745408165,2025-02-09,down,down
-0.667291541535535,0.4162638668619338,0.24479334611625345,1.909841931485725,-0.06104839976184694,0.04875355504318234,1.4093264786884057,1.4308969285579893,1.772169444556258,-0.28552321364353633,-1.3279171289385685,1.9073777051586518,1.8707120864544318,-0.17905932904605745,0.16005624707037136,2025-02-10,up,down
-0.7752184352538734,0.495437877855085,0.2588035820265393,1.6136723216507345,0.05689188379415605,0.2921345979253742,1.4087895642058554,1.4131424505050374,1.7184029213478784,-0.33659804072783206,-1.1995891802498828,1.8408847915446698,1.8255338872801494,0.13594221794103908,-0.17901544507277592,2025-02-11,down,down
-0.7669331904199548,0.48838477559600646,0.22882775544967016,1.8566884920449762,-0.030822284272475933,0.2129155233117608,1.4640899224877417,1.4258502262004789,1.669699020311979,-0.2888729935912516,-1.031886337696995,1.7772482182219023,1.8090355583010886,-0.12087528411753155,0.13598573062141361,2025-02-12,up,down
-0.4248610853078911,0.6223181751126484,0.27974824766723544,1.1503293006731654,-0.2459787099712515,0.01050759474082472,1.4910540967059522,1.4490589554538924,1.6134338033442992,-0.2878540990635495,-1.2578319755255278,1.7067157541282363,1.8057783361044086,0.29094772303684074,-0.12083146872589154,2025-02-13,down,neutral
0.5325140184199495,1.3575564740182187,0.10493956795903311,0.6970121767110083,0.2169532893325282,0.44116789963050596,1.561174994787248,1.4898385149484061,1.5671291527014668,-0.2995420598824752,-0.9722292274260989,1.618107037236093,1.8473798077456918,-0.10336165492657559,0.2909910530119392,2025-02-14,up,down
0.3229091885252701,1.3521818528044625,0.014432101049531982,1.391133117329945,-0.28438134388258995,0.04391551745500035,1.5895185680920427,1.5195710260780702,1.537264558083101,-0.2911203150294425,-0.6950951337645099,1.5531412837195366,1.870647205659855,0.2313129351867335,-0.10331786017828275,2025-02-15,neutral,neutral
0.523044611413061,1.2088515011114032,0.08653157712307079,1.19317849608562,-0.34498194824630396,-0.11583070438329897,1.6016285897974798,1.5460690458222455,1.5358223984611057,-0.26031060552356344,0.04031244931153703,1.483170739011932,1.898064033526883,-0.06031855902117571,0.23135633545346693,2025-02-16,down,neutral
-0.33025433019479933,0.5685526969328348,0.21618286745782206,1.7572956542155624,0.13337900050366439,0.054551761415866706,1.5502469183117114,1.55072113701431,1.5139284095247156,-0.2879094078701117,-0.7627850587763615,1.4325494813402588,1.8995208913352368,-0.22929948099517367,-0.06027481500785976,2025-02-17,down,down
0.013118314821227207,0.8549011745209054,0.30654226036521903,0.38793009427374625,-0.009110750095557568,0.16115109606430653,1.4726095508239438,1.5471435211391593,1.5031322322311822,-0.2680235415904409,-0.40216464767764826,1.3645868021846412,1.9153884780620445,-0.2813164244794027,-0.22925553780373192,2025-02-18,down,down
-0.27913109408881875,1.1568455799885147,0.08211851975929466,1.3521020541626076,-0.3259924121853302,-0.25533842220547137,1.431701045240128,1.5320759034656328,1.5019379157020127,-0.3398956954805788,0.033644348747156626,1.2597223752481965,1.9963067442459255,-0.2773739922821263,-0.28127241997549335,2025-02-19,up,neutral
-0.36874170730290584,1.1931734658044648,0.04645686390695327,1.5339330113610292,-0.04338586070338825,-0.2168235230898156,1.4194419053154057,1.5197821334503392,1.5074619789038533,-0.3382896656619184,0.38896918826663124,1.1285932875009386,2.132282931678828,0.06812611306299252,-0.2773299924251691,2025-02-20,neutral,neutral
-0.7049750282125824,0.9991439621483976,0.0005233640053380065,2.3469970366970823,0.3657579453457814,0.515241087546247,1.3762179560255945,1.467235528235821,1.5015066745515258,-0.24887653032850765,-0.17434628215273965,1.0363984656637555,2.2009370729340096,-0.05145950402400613,0.06816970567833552,2025-02-21,down,down
-0.8129810236611433,0.7707766447314667,0.13756214429680647,1.863946517404153,-0.4249711357617135,-0.1255456898560541,1.3462225262022605,1.426963394534345,1.496172569316675,-0.18554643902044235,-0.14444573990107148,1.0295590396990557,2.181364726200536,-0.5391576835524293,-0.05141577045287471,2025-02-22,up,neutral
-0.6520755915062162,0.6872825766251281,0.22419288921071193,1.4126084572624535,-0.24975351504220034,-0.22327462134754875,1.302088811323485,1.3903703378635148,1.491063468971802,-0.19731475223246606,-0.13526902070957045,0.9849335745400682,2.2011180573325535,0.19185405846588052,-0.5391133751305501,2025-02-23,down,neutral
-0.2919382390893243,0.7724546254774247,0.24878964306244755,1.0216739749279768,1.1610289037353188,0.8798145428546924,1.1941539996159491,1.3133907726613214,1.4544585189261756,0.06423525370398014,-1.132024024833296,1.0330777245795406,2.023792802351501,-0.1734791858962125,0.19189750524286506,2025-02-24,down,up
-0.10341453148115559,0.8474490653152148,0.2473577019073028,0.8517835480665422,0.2040253207363217,0.17520572400527315,1.0661415086225818,1.2513548010516404,1.421251468285083,0.07704506300207006,-1.0195869726854867,1.0599216718890074,1.9031036427636274,-1.1222161894194045,-0.173435308500256,2025-02-25,up,up
-0.3356267156976238,0.5209980314393569,0.31561104467979967,1.1235241831642864,-0.3497874849809814,0.17447672815816204,0.9263918470301914,1.172058863507653,1.373494052833507,0.061537317013527215,-1.5698914262348846,1.0901426925463635,1.777965596580342,0.02234372777507268,-1.1221711937453842,2025-02-26,down,down
-0.4779613846100365,0.33656739279429476,0.3444640481131197,1.3507839051924888,-0.2973063326658953,-0.10023969194507501,0.9132117743175205,1.0946814227167465,1.3281114338907778,0.016989541948776984,-1.4925650940396968,1.1093962691557706,1.6782658762590414,-0.3105031109366969,0.02238737435419804,2025-02-27,up,down
-0.5656017516566726,0.11255525969820589,0.42330290148139327,1.2965704663555122,0.42700660378573396,0.47572710934969875,0.8743389768830315,1.034525302849418,1.2710725606536284,0.01219227298006742,-1.9910213938127594,1.123447506006805,1.5704445702889533,-0.00473409757383195,-0.31045907203038614,2025-02-28,down,down
-0.7658165084081803,0.18425661130539683,0.30631283225510764,2.0051675944825385,-0.4268997945211494,-0.12903960558797886,0.8780524872321229,0.9697928216091852,1.2179297026027136,-0.3046638011760551,-1.7670751682447499,1.1289224268875862,1.492587892124912,-0.24106464529734295,-0.004690419078023685,2025-03-01,up,neutral
-1.0638137399363552,0.3479078140592422,0.23571943050797226,2.1429154377655655,0.9302654268816477,1.0433619573243658,0.9990145310333841,0.963742597134583,1.1963479289064338,0.17920229788191697,-0.5087760888283994,1.1190810029182028,1.4863390085221844,0.1256109829480906,-0.24102068823828027,2025-03-02,up,up
-0.8930303493227184,0.9544123933219023,0.022727659533930928,2.2866667371896394,-0.1960420347885176,1.2586348887451044,0.9882504623757784,0.9455676805674001,1.1481902253580183,0.5347633738333125,-0.9798871741632703,1.1219535432234,1.3957063907802474,1.204747701218485,0.12565450780591095,2025-03-03,down,down
-0.7638309032922636,0.8679323374778388,0.12633022160741295,1.714467692467289,-0.2035393368263036,0.20354558061436193,0.9606935376800922,0.9242355626361853,1.1059976174340027,0.5342284212603339,-0.8904276738833213,1.1060571424651422,1.3239742781989126,-1.3889246122454804,1.2047899540958562,2025-03-04,neutral,up
-0.38725029099758596,0.9002243397492479,0.1753094317488107,1.2678446419842724,-0.3396931978682523,-0.12366426258344053,0.8318868421618854,0.9229130871634699,1.0651966213862096,0.5333299272843826,-0.84777098121752,1.0823888775473005,1.2785395103773005,-0.05153465757001837,-1.388879302201748,2025-03-05,up,down
-1.1866809722499205,0.12375787535851333,0.34078624771736377,1.8914790174205773,0.040972226163481236,0.27151385746821566,0.8417709799860243,0.9147027266047313,1.021880616841657,0.53372997295789,-0.8876281688806581,1.0387953619748698,1.2518679844159968,0.16805323505346437,-0.051490923910303334,2025-03-06,down,down
-0.8549386790679452,0.6194244438692543,0.1286555342426555,2.295609690618269,-0.09869269535899083,0.16088272946124943,0.8373974937327312,0.9082755332521889,0.9881827877989288,0.17614433885550065,-0.7307132414366075,0.9882302581230965,1.2330213872485527,-0.1704869765940043,0.16809670988452355,2025-03-07,down,down
-0.7978583359145319,0.8967840595059937,0.08861228640581217,1.929531116859188,-0.3903899725624907,-0.13176618738664025,0.7906129302709782,0.8851361009838512,0.9437107936028593,-0.31500896346095747,-1.0053884577130836,0.9426960468355351,1.2047833809655986,-0.20218309174859023,-0.17044310272497046,2025-03-08,down,neutral
-0.10021756616210453,1.511848991653636,-0.08967636682369454,1.7909050175647447,0.41490578350166907,0.5804450167255293,0.6641290676998864,0.7700203430271663,0.8823886640134115,-0.00025020557031959654,-1.2345504596633121,0.925193454104083,1.0961932666791,-0.2871377541817949,-0.20213918051928675,2025-03-09,down,down
-0.39227270294476263,1.3587418285490918,-0.009968269983850364,1.5595875352607111,0.023451419501340963,0.6268712946341101,0.5004017631402637,0.6975076129966649,0.8364916266995024,-0.07635043995143957,-1.0272330916578936,0.9237478969198752,0.9464798456054182,-1.061843163888323,-0.2870937428162734,2025-03-10,down,down
0.2716977768927433,1.8090117242204022,-0.1345613684119398,1.414163455594766,-0.06306816861104358,0.3983127858363955,0.3959828412505248,0.6411610750813043,0.7971784423834415,0.13719149870968395,-0.8174945798712785,0.8871904273450713,0.8741470678126317,-0.7050356056935093,-1.0617982393761,2025-03-11,up,up
0.1510664680248508,2.028376082372493,-0.30274674454013545,2.1533135881010192,-0.2949643819161718,0.004900506588656198,0.41305165488740764,0.5890687047630699,0.7701451775192663,0.23074219823799794,-0.5282733540395321,0.8311081443000232,0.8521717035104726,0.4668576950296541,-0.7049911017510161,2025-03-12,up,down
0.39174281670281896,1.838815437422056,-0.1330103643877869,1.3311085771926292,-0.17391866965946698,-0.07597053899090594,0.45408322189287614,0.5300127675458781,0.7361016898468316,0.23432948616507399,-0.6602570318932581,0.7987714966201244,0.7974783680077553,0.3432544033133192,0.46690081765934266,2025-03-13,down,down
-0.513734604086197,0.876474178886559,-0.03831010793730039,2.9343954141866018,-0.26996058198736356,-0.06986505571877118,0.4825424673782028,0.4878511328509239,0.7115108735934517,0.06796455649732701,-0.4455009579369305,0.7378105448192355,0.7967865074424957,-0.39152865192449354,0.34329767163443675,2025-03-14,up,down
-0.04849020979110698,0.6452645413883419,0.22579388456206306,1.501443568683608,-0.28338234351335684,-0.25126829076079277,0.49628923377071793,0.46191044137016063,0.6866714124805502,-0.1373205765387837,-0.45192393871763015,0.6709780831776512,0.8199402739895506,0.2698032681669929,-0.3914845175132275,2025-03-15,up,neutral
0.10771117828960239,0.6222420250013206,0.24011951734087222,1.4489478152305988,0.055229481088277195,-0.0815003787605332,0.5081084082787064,0.4626063155975004,0.6287634848851174,-0.10231324967219052,-1.3985110679374322,0.6572942866819077,0.7799359134103351,0.1430991086811676,0.2698466230650995,2025-03-16,down,down
0.015995049463188422,0.8274845879680711,0.2593597457297948,0.8099450431352545,-0.06655933505283011,-0.1841445962227511,0.5143199821500327,0.4938642965202069,0.6078844475496753,-0.13799878916164346,-0.623094775381307,0.6357955973768968,0.7600065951203693,-0.4077971951166278,0.14314261292570177,2025-03-17,up,neutral
-1.035533710029448,0.3346101486510194,0.19896780116669383,2.452115257143465,-0.08259770396894518,-0.0906013826446254,0.48434699784107715,0.5000868873439006,0.5825167072201408,-0.16264033288699203,-0.734836081353037,0.6214735112415782,0.7284927939775879,0.19266664831694794,-0.4077530415295998,2025-03-18,down,down
-1.16043293402992,0.521763190216338,0.10152677153410856,2.735574741984974,-0.0007977048915075259,-0.04152577131992773,0.5209976337939285,0.509242802503639,0.5607865580932279,-0.11745374713897906,-0.5891400490758762,0.601890667692824,0.7208840912336916,-0.3033126773553711,0.1927100941361313,2025-03-19,up,down
-1.1877777170315849,0.2685916245182878,0.21024520228713744,2.5265290615938634,-0.24075094837538563,-0.024207256163939112,0.5056587915102775,0.5161467696748717,0.5343924349133419,-0.07251101703274582,-0.6962614772169654,0.586668547656701,0.698817954523404,0.42021970320164753,-0.3032686469244377,2025-03-20,down,down
-1.0368360631681812,0.2942118746766635,0.34587824849331866,1.4426113842052237,-0.2403344784439176,-0.23625406624556056,0.5020533974259875,0.5085163003050646,0.5091926404106057,-0.10997205278254815,-0.669802476052654,0.5633223611581581,0.6815756325296504,-0.4431435709766515,0.4202628808036235,2025-03-21,down,neutral
-0.6805816843964342,0.4391803424115613,0.31102782051751343,1.3561476686634866,-0.34941848500570166,-0.37833558573203074,0.462076991829106,0.4944619020059809,0.48895111693010085,-0.14040524109137217,-0.5495279962044212,0.4513794018514418,0.7836984179869307,-0.16171795505437725,-0.44309937572678476,2025-03-22,neutral,neutral
-0.3762815189423469,0.6658903608428409,0.2817082248959491,1.0312060387292732,0.060945902459233245,-0.2888241655124283,0.4728969520398415,0.5009341732033352,0.4925789168606496,-0.14234596507100544,0.22946408031356327,0.42722426146451753,0.7879355305360012,-0.04096443935183796,-0.16167409152140533,2025-03-23,up,neutral
0.12422187631254626,0.7185091318739372,0.34163523510036276,0.45330087587103546,0.8338174284225239,0.21015003121670187,0.5319070982711569,0.5161145574982275,0.5160813834164805,-0.1363735969326124,1.0174880283202323,0.40564079334702974,0.8038628688609215,0.17879001529553962,-0.04092071815125872,2025-03-24,up,up
-0.18787047744004085,0.5969519793799838,0.3934733196812017,0.355836398265049,-0.07776532297905896,-0.02025156676747504,0.619775397891846,0.5529717684194065,0.5378840802813778,-0.2390841078890365,0.9704180850592277,0.3792525029693108,0.832888059441795,0.43625760654402607,0.17883347747113604,2025-03-25,up,up
-0.3317108785929184,0.36871154863785305,0.5131424490871284,0.003499511694591096,0.08781446571757205,0.11261336236620306,0.7038332380976273,0.5799256312683873,0.5561592466446149,-0.3091719552730003,0.8654160888122748,0.3646572410187876,0.8500586347639199,0.2941246262477841,0.43630076524209566,2025-03-26,up,up
-0.2199904531320532,0.640451304167612,0.3749387704009125,0.39019355616583645,-0.33140965278673234,-0.020059304126474945,0.7321918121174769,0.6139848474004073,0.5768907224640998,-0.23187649300392854,1.001530136197452,0.3502184029601251,0.8660637591983857,0.10747972466069422,0.29416795247826094,2025-03-27,down,down
-0.23653991275025546,0.275251762747874,0.5195223894556691,0.17954109202374413,-0.05139922042706373,0.09610109143987322,0.6922228513199183,0.6351317093112505,0.5837313716162102,-0.08622410940812002,0.37908923456537685,0.33330836092525573,0.8797311121999103,-0.229833777868435,0.10752327088986234,2025-03-28,down,up
0.06727078848039138,0.7379973233161903,0.3303084884725384,0.4915840550228504,-0.22791907191183222,0.11633845103552014,0.5981429778279026,0.6387109573980345,0.5784298958562804,-0.10669463109292578,-0.11667529563814044,0.33326298291797785,0.8825930311669853,-0.4841304097755515,-0.22978983404721656,2025-03-29,down,down
-0.8226366455180323,0.4572982233155732,0.3710186035825357,0.8604092388672486,-0.25977129606819604,-0.20576441576080215,0.5080040144135665,0.6291523420240198,0.5768678964092313,-0.22708749336491063,0.026720402289244945,0.3229130418771288,0.9218106913225602,-0.522819944115132,-0.48408616621442196,2025-03-30,down,neutral
-0.8555929291182316,0.4473783088220188,0.3287510190090604,1.2030185172272037,0.23670369604693509,-0.18717845492086183,0.4577631750868081,0.6030989079250028,0.5713650435808876,-0.2831173458334035,-0.14902913606312088,0.3217575522149091,0.9280477576264461,-0.20642441516285814,-0.5227756549505765,2025-03-31,neutral,down
-0.8627280891811374,0.4375132220960645,0.34653796571483114,1.0918076473212575,-0.18474043934096582,-0.1407138389261267,0.47461947859374964,0.5759984580694902,0.576302942440259,-0.1312110583757751,0.3017594003649582,0.32223250913058427,0.9298187873256343,-0.03541147318017845,-0.20638049893429888,2025-04-01,up,down
-0.10498745317917751,0.4917798558270848,0.4416793589537848,0.24476081730504365,0.18989795434690324,0.14187504967364303,0.4667002677671617,0.5267024983350064,0.564995602434249,-0.12578449727865887,-0.3919617479954259,0.3227097856575932,0.9275305076911974,0.29695344879429914,-0.03536775852489072,2025-04-02,down,down
-0.0630168944950134,0.9099134083174363,0.2307224741630824,0.826861742596048,-0.288656652815236,-0.04183304821937494,0.449344329332492,0.4808987754053883,0.5590517050353655,-0.18511328318730788,-0.1841464598249287,0.32548165044596,0.9068614361709566,-0.5057479975487879,0.2969967716904376,2025-04-03,down,down
-0.16733289806425314,0.6888769040849869,0.29971489538299195,0.8395690330896055,0.10820391447682143,-0.017102693810906542,0.43820368716881014,0.46625318045150244,0.5623419976309482,-0.10588161272682715,0.23144390215702718,0.3236284046632967,0.9026009095154011,-0.15763885355131282,-0.5057037285069674,2025-04-04,up,up
-0.027680789699701773,0.9032665441204704,0.22718194371401398,0.8698172419860444,-0.47843918642849453,-0.2902833016271369,0.4562195459494777,0.4653865480835918,0.5637148530256828,-0.09882840470658191,0.14847812876073554,0.32357249127373616,0.9039556386618007,0.3887699240092574,-0.15759499482638542,2025-04-05,down,neutral
-0.5769963635629121,0.3442427584424587,0.45924848022101555,0.46782931570818426,0.5286012934697518,0.41175285997846345,0.4069481417226786,0.4372390584684723,0.544631785236683,0.06620942740654581,-0.5865844098037619,0.33876693571618954,0.8359522707386415,-0.15049812886305383,0.38881313868114636,2025-04-06,down,up
-0.6373542408678465,0.2688987059657735,0.5306996699661892,0.11091783276403791,0.9300582184669186,0.3263504814999286,0.3264994180008487,0.40954258733259397,0.5174289467163588,0.059410910784775235,-0.9793796185106443,0.3497819259730923,0.785614776645424,-1.0029912669502907,-0.15045427855491186,2025-04-07,neutral,up
-0.8705116847550954,0.02026463841938371,0.5386897167216266,0.6492624863019518,-0.38939169750744296,0.10055574816654246,0.2261295780117951,0.35803010820329106,0.4776429265654741,0.07316607438583957,-1.4849536409116177,0.3609422148224834,0.7075193511126852,-0.01824495055800394,-1.0029464118069076,2025-04-08,down,down
-0.49884055879054573,0.4474283154567968,0.20660667146448913,2.122379286710786,0.03109065285377207,0.5649318248800919,0.2691036820586404,0.35187033352436414,0.4495767675335389,0.30173907029045616,-0.8697711651279003,0.35999974865148304,0.6951919630261404,-0.4482903254346208,-0.01820125613692823,2025-04-09,up,down
-0.8673703947789154,0.033761386752773674,0.29724912318393804,2.43609772820605,-0.37614046575173105,-0.06283774174828734,0.28455814096462045,0.33834911635776616,0.419552402679076,0.3122579142860868,-0.9140200420313741,0.3617392409401124,0.670750580075828,0.9668093428524659,-0.44824612411826503,2025-04-10,down,down
-0.5378609557543966,0.572019920964082,0.13365808930279388,2.3726151090981897,-0.2832578659556646,-0.14658929368135554,0.35160311464485217,0.32061559302181114,0.4031653239964293,0.13875917365003174,-0.47785835654004427,0.36091729947122375,0.6609091959730269,-0.3865110778639861,0.966851876188221,2025-04-11,up,down
-0.44491580800214237,0.7027483104443624,0.32025766719122767,0.6523541310725443,-0.1063144800680842,-0.04367613740583629,0.37859706806035714,0.31833467327681586,0.40157234719977253,0.14507101427011318,0.03414027618025461,0.3585764089820848,0.6581034149044797,0.27776736962484616,-0.3864669493669439,2025-04-12,up,down
-0.3896951472451889,0.7976260114271932,0.23649023778374584,1.054300044697531,-0.10397208402934044,-0.20833707300461887,0.4126228566696596,0.3408007942433324,0.39869700531317787,0.10116298736280539,-0.010177644827367266,0.3441101096380199,0.6542903382436022,0.3189865886561394,0.27781071513565164,2025-04-13,down,neutral
